,task_id,pretty_formula,band_gap,nelements,spacegroup.number,spacegroup.crystal_system,nsites,unit_cell_formula,volume,structure.lattice,density,e_above_hull,magnetic_type,total_magnetization,thermal,formula
0,mp-611426,C,4.5245,1,194,hexagonal,8,{'C': 8.0},45.68564726070189,"{'matrix': [[1.259972, -2.182335, 0.0], [1.259972, 2.182335, 0.0], [0.0, 0.0, 8.307445]], 'a': 2.5199435495679268, 'b': 2.5199435495679268, 'c': 8.307445, 'alpha': 90.0, 'beta': 90.0, 'gamma': 119.99998817420055, 'volume': 45.68564726070189}",3.492429288069796,0.1458170587500014,NM,0.001462425,2842.0,C8
1,mp-66,C,4.338699999999999,1,227,cubic,2,{'C': 2.0},11.410322800393955,"{'matrix': [[0.0, 1.786855, 1.786855], [1.786855, 0.0, 1.786855], [1.786855, 1.786855, 0.0]], 'a': 2.526994574994177, 'b': 2.526994574994177, 'c': 2.526994574994177, 'alpha': 60.00000000000001, 'beta': 60.00000000000001, 'gamma': 60.00000000000001, 'volume': 11.410322800393955}",3.4958233725910053,0.1364125350000016,NM,0.0002721,2600.0,C2
2,mp-616440,C,4.3858999999999995,1,194,hexagonal,16,{'C': 16.0},91.30821286252021,"{'matrix': [[1.261626, -2.1852, 0.0], [1.261626, 2.1852, 0.0], [0.0, 0.0, 16.559912]], 'a': 2.5232517123497606, 'b': 2.5232517123497606, 'c': 16.559912, 'alpha': 90.0, 'beta': 90.0, 'gamma': 119.99999245783255, 'volume': 91.30821286252021}",3.4948420856278513,0.14115684875000056,NM,1.166875e-05,2583.0,C16
3,mp-48,C,0.0,1,194,hexagonal,4,{'C': 4.0},45.80317575176706,"{'matrix': [[1.233862, -2.137112, 0.0], [1.233862, 2.137112, 0.0], [0.0, 0.0, 8.685038]], 'a': 2.4677242827325747, 'b': 2.4677242827325747, 'c': 8.685038, 'alpha': 90.0, 'beta': 90.0, 'gamma': 120.00000758003493, 'volume': 45.80317575176706}",1.7417339509645842,0.0064835425000016045,NM,9.5e-07,1950.0,C4
4,mp-1639,BN,4.6482,2,216,cubic,2,"{'B': 1.0, 'N': 1.0}",11.91856931582488,"{'matrix': [[0.0, 1.813001, 1.813001], [1.813001, 0.0, 1.813001], [1.813001, 1.813001, 0.0]], 'a': 2.5639706027959837, 'b': 2.5639706027959837, 'c': 2.5639706027959837, 'alpha': 59.99999999999999, 'beta': 59.99999999999999, 'gamma': 59.99999999999999, 'volume': 11.91856931582488}",3.4576935621325986,0.07735396750000056,NM,0.0006126,1800.0,B1N1
5,mp-47,C,3.3394999999999992,1,194,hexagonal,4,{'C': 4.0},22.87020048774664,"{'matrix': [[1.256547, -2.176403, 0.0], [1.256547, 2.176403, 0.0], [0.0, 0.0, 4.181402]], 'a': 2.5130937868726666, 'b': 2.5130937868726666, 'c': 4.181402, 'alpha': 90.0, 'beta': 90.0, 'gamma': 119.99999438923007, 'volume': 22.87020048774664}",3.4882486627781524,0.16151688750000126,NM,0.0,1500.0,C4
6,mp-629458,BC2N,1.8462999999999994,3,25,orthorhombic,4,"{'B': 1.0, 'C': 2.0, 'N': 1.0}",23.72330359463988,"{'matrix': [[2.537445, 0.0, 0.0], [0.0, 2.565139, 0.0], [0.0, 0.0, 3.644749]], 'a': 2.537445, 'b': 2.565139, 'c': 3.644749, 'alpha': 90.0, 'beta': 90.0, 'gamma': 90.0, 'volume': 23.72330359463988}",3.4185472189424697,0.5369416362500026,NM,0.0001177,1083.0,B1C2N1
7,mp-629458,BC2N,1.8462999999999994,3,25,orthorhombic,4,"{'B': 1.0, 'C': 2.0, 'N': 1.0}",23.72330359463988,"{'matrix': [[2.537445, 0.0, 0.0], [0.0, 2.565139, 0.0], [0.0, 0.0, 3.644749]], 'a': 2.537445, 'b': 2.565139, 'c': 3.644749, 'alpha': 90.0, 'beta': 90.0, 'gamma': 90.0, 'volume': 23.72330359463988}",3.4185472189424697,0.5369416362500026,NM,0.0001177,1015.3,B1C2N1
8,mp-10044,BAs,1.2521999999999993,2,216,cubic,2,"{'B': 1.0, 'As': 1.0}",27.982045483901548,"{'matrix': [[0.0, 2.409627, 2.409627], [2.409627, 0.0, 2.409627], [2.409627, 2.409627, 0.0]], 'a': 3.407727183660394, 'b': 3.407727183660394, 'c': 3.407727183660394, 'alpha': 60.00000000000001, 'beta': 60.00000000000001, 'gamma': 60.00000000000001, 'volume': 27.982045483901548}",5.087631340714321,0.08038976749999982,NM,0.0015859,1000.0,B1As1
9,mp-570002,C,3.2084,1,229,cubic,8,{'C': 8.0},57.99753966380077,"{'matrix': [[-2.438465, 2.438465, 2.438465], [2.438465, -2.438465, 2.438465], [2.438465, 2.438465, -2.438465]], 'a': 4.223545272478442, 'b': 4.223545272478442, 'c': 4.223545272478442, 'alpha': 109.47122063449069, 'beta': 109.47122063449069, 'gamma': 109.47122063449069, 'volume': 57.99753966380077}",2.751045879921811,0.7636557350000004,NM,1.255e-05,879.2,C8
10,mp-984,BN,4.4938,2,194,hexagonal,4,"{'B': 2.0, 'N': 2.0}",42.13260173230655,"{'matrix': [[1.256214, -2.175827, 0.0], [1.256214, 2.175827, 0.0], [0.0, 0.0, 7.707265]], 'a': 2.5124284562400976, 'b': 2.5124284562400976, 'c': 7.707265, 'alpha': 90.0, 'beta': 90.0, 'gamma': 120.00001201411364, 'volume': 42.13260173230655}",1.956240948754851,0.0,NM,0.0002662,760.0,B2N2
11,mp-984718,BAs,1.1791999999999998,2,186,hexagonal,4,"{'B': 2.0, 'As': 2.0}",55.85949706767284,"{'matrix': [[1.695467, -2.936635, 0.0], [1.695467, 2.936635, 0.0], [0.0, 0.0, 5.609546]], 'a': 3.390934011642515, 'b': 3.390934011642515, 'c': 5.609546, 'alpha': 90.0, 'beta': 90.0, 'gamma': 120.00000022715352, 'volume': 55.85949706767284}",5.097157656422205,0.08951741499999954,NM,4.525e-05,750.0,B2As2
12,mp-1008523,BC2N,1.6460000000000008,3,115,tetragonal,4,"{'B': 1.0, 'C': 2.0, 'N': 1.0}",24.250340802166004,"{'matrix': [[2.568581, 0.0, 0.0], [0.0, 2.568581, 0.0], [0.0, 0.0, 3.675626]], 'a': 2.568581, 'b': 2.568581, 'c': 3.675626, 'alpha': 90.0, 'beta': 90.0, 'gamma': 90.0, 'volume': 24.250340802166004}",3.344251290701053,0.9931632362500018,NM,0.0001645,723.0,B1C2N1
13,mp-11714,SiC,2.3298000000000005,2,186,hexagonal,8,"{'Si': 4.0, 'C': 4.0}",83.96315911398418,"{'matrix': [[1.547003, -2.679488, 0.0], [1.547003, 2.679488, 0.0], [0.0, 0.0, 10.127816]], 'a': 3.09400617713556, 'b': 3.09400617713556, 'c': 10.127816, 'alpha': 90.0, 'beta': 90.0, 'gamma': 120.00000378770872, 'volume': 83.96315911398418}",3.1719295569534,0.0002196980000004345,NM,2.8e-06,490.0,Si4C4
14,mp-1479,BP,1.4661999999999997,2,216,cubic,2,"{'B': 1.0, 'P': 1.0}",23.499690767363862,"{'matrix': [[0.0, 2.273408, 2.273408], [2.273408, 0.0, 2.273408], [2.273408, 2.273408, 0.0]], 'a': 3.215084426407493, 'b': 3.215084426407493, 'c': 3.215084426407493, 'alpha': 60.00000000000001, 'beta': 60.00000000000001, 'gamma': 60.00000000000001, 'volume': 23.499690767363862}",2.9526018183160376,0.0,NM,0.0001155,490.0,B1P1
15,mp-2542,BeO,7.463099999999999,2,186,hexagonal,4,"{'Be': 2.0, 'O': 2.0}",27.991727944331426,"{'matrix': [[1.354855, -2.346678, 0.0], [1.354855, 2.346678, 0.0], [0.0, 0.0, 4.402034]], 'a': 2.709710262502063, 'b': 2.709710262502063, 'c': 4.402034, 'alpha': 90.0, 'beta': 90.0, 'gamma': 120.000006409171, 'volume': 27.991727944331426}",2.9674987632823218,0.0,NM,2.29e-05,370.0,Be2O2
16,mp-8062,SiC,1.5936000000000003,2,216,cubic,2,"{'Si': 1.0, 'C': 1.0}",21.0005877839547,"{'matrix': [[0.0, 2.18978, 2.18978], [2.18978, 0.0, 2.18978], [2.18978, 2.18978, 0.0]], 'a': 3.096816574613356, 'b': 3.096816574613356, 'c': 3.096816574613356, 'alpha': 60.00000000000001, 'beta': 60.00000000000001, 'gamma': 60.00000000000001, 'volume': 21.0005877839547}",3.1704496658459114,0.0011095605000006614,NM,0.0014896,360.0,Si1C1
17,mp-15703,BeCN2,3.852800000000001,3,122,tetragonal,8,"{'Be': 2.0, 'C': 2.0, 'N': 4.0}",49.47934216430676,"{'matrix': [[-1.881831, 1.881831, 3.493033], [1.881831, -1.881831, 3.493033], [1.881831, 1.881831, -3.493033]], 'a': 4.391338675644478, 'b': 4.391338675644478, 'c': 4.391338675644478, 'alpha': 129.2510800440285, 'beta': 129.2510800440285, 'gamma': 74.60690949334145, 'volume': 49.47934216430676}",3.2913397139121083,0.003604670624999251,NM,0.0001113,351.0,Be2C2N4
18,mp-661,AlN,4.0536,2,186,hexagonal,4,"{'Al': 2.0, 'N': 2.0}",42.52728307818043,"{'matrix': [[1.564294, -2.709437, 0.0], [1.564294, 2.709437, 0.0], [0.0, 0.0, 5.016955]], 'a': 3.128588271953502, 'b': 3.128588271953502, 'c': 5.016955, 'alpha': 90.0, 'beta': 90.0, 'gamma': 120.00000575093206, 'volume': 42.52728307818043}",3.200889713142437,0.0,NM,5.935e-05,350.0,Al2N2
19,mp-1346,B6O,2.2093,2,166,trigonal,14,"{'B': 12.0, 'O': 2.0}",103.44887002931269,"{'matrix': [[4.391569, -2.696759, 0.0], [4.391569, 2.696759, 0.0], [2.735553, 0.0, 4.36751]], 'a': 5.153483034399356, 'b': 5.153483034399356, 'c': 5.153483658255744, 'alpha': 63.10621203762134, 'beta': 63.10621203762134, 'gamma': 63.106209910607944, 'volume': 103.44887002931269}",2.5960681020138114,0.0,NM,2.945e-05,284.9,B12O2
20,mp-1002164,GeC,1.8485999999999994,2,216,cubic,2,"{'Ge': 1.0, 'C': 1.0}",24.39998353014027,"{'matrix': [[0.0, 2.302077, 2.302077], [2.302077, 0.0, 2.302077], [2.302077, 2.302077, 0.0]], 'a': 3.2556285150271678, 'b': 3.2556285150271678, 'c': 3.2556285150271678, 'alpha': 60.00000000000001, 'beta': 60.00000000000001, 'gamma': 60.00000000000001, 'volume': 24.39998353014027}",5.760897100254253,0.43743093250000076,NM,0.0007529,275.3178702,Ge1C1
21,mp-571653,C3N4,2.8148,2,215,cubic,7,"{'C': 3.0, 'N': 4.0}",41.30566021718049,"{'matrix': [[3.456765, 0.0, 0.0], [0.0, 3.456765, 0.0], [0.0, 0.0, 3.456765]], 'a': 3.456765, 'b': 3.456765, 'c': 3.456765, 'alpha': 90.0, 'beta': 90.0, 'gamma': 90.0, 'volume': 41.30566021718049}",3.700882616921342,0.49731041999999626,NM,0.0023491,275.0,C3N4
22,mp-1700,AlN,3.468300000000001,2,216,cubic,2,"{'Al': 1.0, 'N': 1.0}",21.31697376170153,"{'matrix': [[0.0, 2.200722, 2.200722], [2.200722, 0.0, 2.200722], [2.200722, 2.200722, 0.0]], 'a': 3.112290899412842, 'b': 3.112290899412842, 'c': 3.112290899412842, 'alpha': 60.00000000000001, 'beta': 60.00000000000001, 'gamma': 60.00000000000001, 'volume': 21.31697376170153}",3.1928815143875897,0.02134375249999998,NM,0.0002381,235.0,Al1N1
23,mp-2852,C3N4,3.0397999999999996,2,220,cubic,14,"{'C': 6.0, 'N': 8.0}",80.94938206505206,"{'matrix': [[-2.725113, 2.725113, 2.725113], [2.725113, -2.725113, 2.725113], [2.725113, 2.725113, -2.725113]], 'a': 4.720034172366446, 'b': 4.720034172366446, 'c': 4.720034172366446, 'alpha': 109.47122063449069, 'beta': 109.47122063449069, 'gamma': 109.47122063449069, 'volume': 80.94938206505206}",3.776863911212474,0.5025346892857101,NM,0.00952735,234.0,C6N8
24,mp-804,GaN,1.7375999999999996,2,186,hexagonal,4,"{'Ga': 2.0, 'N': 2.0}",46.9428220153705,"{'matrix': [[1.608145, -2.785389, 0.0], [1.608145, 2.785389, 0.0], [0.0, 0.0, 5.239962]], 'a': 3.2162901334217344, 'b': 3.2162901334217344, 'c': 5.239962, 'alpha': 90.0, 'beta': 90.0, 'gamma': 120.00000274450079, 'volume': 46.9428220153705}",5.923650599411056,0.0,NM,0.0,210.0,Ga2N2
25,mp-422,BeS,3.2356,2,216,cubic,2,"{'Be': 1.0, 'S': 1.0}",28.95580068612236,"{'matrix': [[0.0, 2.43726, 2.43726], [2.43726, 0.0, 2.43726], [2.43726, 2.43726, 0.0]], 'a': 3.44680614702945, 'b': 3.44680614702945, 'c': 3.44680614702945, 'alpha': 60.00000000000001, 'beta': 60.00000000000001, 'gamma': 60.00000000000001, 'volume': 28.95580068612236}",2.3556684270702766,0.0,NM,8.7e-06,175.0,Be1S1
26,mp-149,Si,0.8526999999999996,1,227,cubic,2,{'Si': 2.0},40.88829284866483,"{'matrix': [[0.0, 2.734364, 2.734364], [2.734364, 0.0, 2.734364], [2.734364, 2.734364, 0.0]], 'a': 3.8669746532647453, 'b': 3.8669746532647453, 'c': 3.8669746532647453, 'alpha': 59.99999999999999, 'beta': 59.99999999999999, 'gamma': 59.99999999999999, 'volume': 40.88829284866483}",2.2811942835376744,0.0,NM,0.00030665,145.0,Si2
27,mp-22205,InN,0.47770000000000046,2,186,hexagonal,4,"{'In': 2.0, 'N': 2.0}",64.4149273151787,"{'matrix': [[1.791941, -3.103733, 0.0], [1.791941, 3.103733, 0.0], [0.0, 0.0, 5.790932]], 'a': 3.583882124564088, 'b': 3.583882124564088, 'c': 5.790932, 'alpha': 90.0, 'beta': 90.0, 'gamma': 120.00000229948793, 'volume': 64.4149273151787}",6.641890506103773,0.0,NM,5.79e-05,126.0,In2N2
28,mp-2490,GaP,1.6843000000000004,2,216,cubic,2,"{'Ga': 1.0, 'P': 1.0}",41.73684503376176,"{'matrix': [[0.0, 2.75315, 2.75315], [2.75315, 0.0, 2.75315], [2.75315, 2.75315, 0.0]], 'a': 3.893542069247487, 'b': 3.893542069247487, 'c': 3.893542069247487, 'alpha': 60.00000000000001, 'beta': 60.00000000000001, 'gamma': 60.00000000000001, 'volume': 41.73684503376176}",4.006314014532294,0.0,NM,0.0017444,122.0,Ga1P1
29,mp-22205,InN,0.47770000000000046,2,186,hexagonal,4,"{'In': 2.0, 'N': 2.0}",64.4149273151787,"{'matrix': [[1.791941, -3.103733, 0.0], [1.791941, 3.103733, 0.0], [0.0, 0.0, 5.790932]], 'a': 3.583882124564088, 'b': 3.583882124564088, 'c': 5.790932, 'alpha': 90.0, 'beta': 90.0, 'gamma': 120.00000229948793, 'volume': 64.4149273151787}",6.641890506103773,0.0,NM,5.79e-05,121.0,In2N2
30,mp-1541,BeSe,2.8976,2,216,cubic,2,"{'Be': 1.0, 'Se': 1.0}",34.82368030586535,"{'matrix': [[0.0, 2.59188, 2.59188], [2.59188, 0.0, 2.59188], [2.59188, 2.59188, 0.0]], 'a': 3.6654718480435777, 'b': 3.6654718480435777, 'c': 3.6654718480435777, 'alpha': 60.00000000000001, 'beta': 60.00000000000001, 'gamma': 60.00000000000001, 'volume': 34.82368030586535}",4.194882439247549,0.0,NM,8.52e-05,115.0,Be1Se1
31,mp-252,BeTe,2.2113000000000005,2,216,cubic,2,"{'Be': 1.0, 'Te': 1.0}",45.50551345066509,"{'matrix': [[0.0, 2.83364, 2.83364], [2.83364, 0.0, 2.83364], [2.83364, 2.83364, 0.0]], 'a': 4.0073721188828975, 'b': 4.0073721188828975, 'c': 4.0073721188828975, 'alpha': 60.00000000000001, 'beta': 60.00000000000001, 'gamma': 60.00000000000001, 'volume': 45.50551345066509}",4.985107253660792,0.0,NM,0.0001319,102.0,Be1Te1
32,mp-2815,MoS2,1.4648999999999996,2,194,hexagonal,6,"{'Mo': 2.0, 'S': 4.0}",131.15105417850478,"{'matrix': [[1.595158, -2.762894, 0.0], [1.595158, 2.762894, 0.0], [0.0, 0.0, 14.879004]], 'a': 3.1903153919636225, 'b': 3.1903153919636225, 'c': 14.879004, 'alpha': 90.0, 'beta': 90.0, 'gamma': 119.99998739078764, 'volume': 131.15105417850478}",4.053379365580824,0.0,NM,1.73e-05,100.0,Mo2S4
33,mp-2507,GaS,2.0109000000000004,2,194,hexagonal,8,"{'Ga': 4.0, 'S': 4.0}",198.51149222189514,"{'matrix': [[1.813459, -3.141003, 0.0], [1.813459, 3.141003, 0.0], [0.0, 0.0, 17.425272]], 'a': 3.6269178913631337, 'b': 3.6269178913631337, 'c': 17.425272, 'alpha': 90.0, 'beta': 90.0, 'gamma': 119.99999801832921, 'volume': 198.51149222189514}",3.4058068602325102,0.0,NM,0.000127975,99.98,Ga4S4
34,mp-2172,AlAs,1.6871,2,216,cubic,2,"{'Al': 1.0, 'As': 1.0}",47.12568016968292,"{'matrix': [[0.0, 2.866878, 2.866878], [2.866878, 0.0, 2.866878], [2.866878, 2.866878, 0.0]], 'a': 4.054377749269054, 'b': 4.054377749269054, 'c': 4.054377749269054, 'alpha': 60.00000000000001, 'beta': 60.00000000000001, 'gamma': 60.00000000000001, 'volume': 47.12568016968292}",3.590699212089334,0.0,NM,0.0019455,98.0,Al1As1
35,mp-856,SnO2,1.4067999999999996,2,136,tetragonal,6,"{'Sn': 2.0, 'O': 4.0}",75.73398183153266,"{'matrix': [[4.832336, 0.0, 0.0], [0.0, 4.832336, 0.0], [0.0, 0.0, 3.243221]], 'a': 4.832336, 'b': 4.832336, 'c': 3.243221, 'alpha': 90.0, 'beta': 90.0, 'gamma': 90.0, 'volume': 75.73398183153266}",6.60886550603123,0.0,NM,3.7e-06,98.0,Sn2O4
36,mp-20351,InP,0.46640000000000015,2,216,cubic,2,"{'In': 1.0, 'P': 1.0}",52.840008616696146,"{'matrix': [[0.0, 2.978363, 2.978363], [2.978363, 0.0, 2.978363], [2.978363, 2.978363, 0.0]], 'a': 4.212041348270218, 'b': 4.212041348270218, 'c': 4.212041348270218, 'alpha': 60.00000000000001, 'beta': 60.00000000000001, 'gamma': 60.00000000000001, 'volume': 52.840008616696146}",4.5816214404051765,0.0,NM,0.0003057,93.0,In1P1
37,mp-1550,AlP,1.8232,2,216,cubic,2,"{'Al': 1.0, 'P': 1.0}",41.75531223467621,"{'matrix': [[0.0, 2.753556, 2.753556], [2.753556, 0.0, 2.753556], [2.753556, 2.753556, 0.0]], 'a': 3.89411623995381, 'b': 3.89411623995381, 'c': 3.89411623995381, 'alpha': 59.99999999999999, 'beta': 59.99999999999999, 'gamma': 59.99999999999999, 'volume': 41.75531223467621}",2.3047855617021393,0.0,NM,3.85e-05,90.0,Al1P1
38,mp-2075,Si3N4,3.334199999999999,2,227,cubic,14,"{'Si': 6.0, 'N': 8.0}",118.06562763064186,"{'matrix': [[0.0, 3.893718, 3.893718], [3.893718, 0.0, 3.893718], [3.893718, 3.893718, 0.0]], 'a': 5.506548803656242, 'b': 5.506548803656242, 'c': 5.506548803656242, 'alpha': 60.00000000000001, 'beta': 60.00000000000001, 'gamma': 60.00000000000001, 'volume': 118.06562763064186}",3.94604093869418,0.14713966999999428,NM,0.0,88.0,Si6N8
39,mp-631,TiC,0.0,2,225,cubic,2,"{'Ti': 1.0, 'C': 1.0}",20.375236427159287,"{'matrix': [[0.0, 2.167825, 2.167825], [2.167825, 0.0, 2.167825], [2.167825, 2.167825, 0.0]], 'a': 3.065767515851455, 'b': 3.065767515851455, 'c': 3.065767515851455, 'alpha': 60.00000000000001, 'beta': 60.00000000000001, 'gamma': 60.00000000000001, 'volume': 20.375236427159287}",4.879907058924726,0.0,NM,4.44e-05,85.0,Ti1C1
40,mp-21075,HfC,0.0,2,225,cubic,2,"{'Hf': 1.0, 'C': 1.0}",25.157438793751798,"{'matrix': [[0.0, 2.325656, 2.325656], [2.325656, 0.0, 2.325656], [2.325656, 2.325656, 0.0]], 'a': 3.2889742566143627, 'b': 3.2889742566143627, 'c': 3.2889742566143627, 'alpha': 60.00000000000001, 'beta': 60.00000000000001, 'gamma': 60.00000000000001, 'volume': 25.157438793751798}",12.57416771071356,0.0,NM,5.9e-05,80.0,Hf1C1
41,mp-1572,GaSe,1.2567000000000002,2,187,hexagonal,8,"{'Ga': 4.0, 'Se': 4.0}",224.85828168690813,"{'matrix': [[1.909533, -3.307409, 0.0], [1.909533, 3.307409, 0.0], [0.0, 0.0, 17.801796]], 'a': 3.8190667147053086, 'b': 3.8190667147053086, 'c': 17.801796, 'alpha': 90.0, 'beta': 90.0, 'gamma': 120.00001238117181, 'volume': 224.85828168690813}",4.391991759201682,0.0,NM,0.0030614,73.53,Ga4Se4
42,mp-2795,ZrC,0.0,2,225,cubic,2,"{'Zr': 1.0, 'C': 1.0}",26.36109489046062,"{'matrix': [[0.0, 2.36217, 2.36217], [2.36217, 0.0, 2.36217], [2.36217, 2.36217, 0.0]], 'a': 3.340612850630854, 'b': 3.340612850630854, 'c': 3.340612850630854, 'alpha': 60.00000000000001, 'beta': 60.00000000000001, 'gamma': 60.00000000000001, 'volume': 26.36109489046062}",6.502964049523044,0.0,NM,1.09e-05,70.0,Zr1C1
43,mp-32,Ge,0.0,1,227,cubic,2,{'Ge': 2.0},47.84699510957077,"{'matrix': [[0.0, 2.881431, 2.881431], [2.881431, 0.0, 2.881431], [2.881431, 2.881431, 0.0]], 'a': 4.074958799242269, 'b': 4.074958799242269, 'c': 4.074958799242269, 'alpha': 59.99999999999999, 'beta': 59.99999999999999, 'gamma': 59.99999999999999, 'volume': 47.84699510957077}",5.041970034757574,0.0,NM,0.00010755,60.0,Ge2
44,mp-1265,MgO,4.638,2,225,cubic,2,"{'Mg': 1.0, 'O': 1.0}",19.2793782653415,"{'matrix': [[0.0, 2.128242, 2.128242], [2.128242, 0.0, 2.128242], [2.128242, 2.128242, 0.0]], 'a': 3.0097887004120407, 'b': 3.0097887004120407, 'c': 3.0097887004120407, 'alpha': 60.00000000000001, 'beta': 60.00000000000001, 'gamma': 60.00000000000001, 'volume': 19.2793782653415}",3.471430968092349,0.0,NM,0.0001521,60.0,Mg1O1
45,mp-2133,ZnO,0.7316,2,186,hexagonal,4,"{'Zn': 2.0, 'O': 2.0}",49.71871824836267,"{'matrix': [[1.644551, -2.848447, 0.0], [1.644551, 2.848447, 0.0], [0.0, 0.0, 5.306821]], 'a': 3.28910296333362, 'b': 3.28910296333362, 'c': 5.306821, 'alpha': 90.0, 'beta': 90.0, 'gamma': 120.00001937720918, 'volume': 49.71871824836267}",5.437864583480136,0.0,NM,7.115e-05,60.0,Zn2O2
46,mp-2624,AlSb,1.2605000000000004,2,216,cubic,2,"{'Al': 1.0, 'Sb': 1.0}",60.56061019922535,"{'matrix': [[0.0, 3.11688, 3.11688], [3.11688, 0.0, 3.11688], [3.11688, 3.11688, 0.0]], 'a': 4.407933968289453, 'b': 4.407933968289453, 'c': 4.407933968289453, 'alpha': 60.00000000000001, 'beta': 60.00000000000001, 'gamma': 60.00000000000001, 'volume': 60.56061019922535}",4.078412269278146,0.0,NM,0.0003228,56.0,Al1Sb1
47,mp-1569,Be2C,1.4432999999999998,2,225,cubic,3,"{'Be': 2.0, 'C': 1.0}",20.263752885011026,"{'matrix': [[0.0, 2.163864, 2.163864], [2.163864, 0.0, 2.163864], [2.163864, 2.163864, 0.0]], 'a': 3.0601658159308944, 'b': 3.0601658159308944, 'c': 3.0601658159308944, 'alpha': 60.00000000000001, 'beta': 60.00000000000001, 'gamma': 60.00000000000001, 'volume': 20.263752885011026}",2.4612616144131447,0.0,NM,0.0012937,50.42097207,Be2C1
48,mp-10695,ZnS,2.3504000000000005,2,216,cubic,2,"{'Zn': 1.0, 'S': 1.0}",40.475671304233664,"{'matrix': [[0.0, 2.725135, 2.725135], [2.725135, 0.0, 2.725135], [2.725135, 2.725135, 0.0]], 'a': 3.853922876297604, 'b': 3.853922876297604, 'c': 3.853922876297604, 'alpha': 60.00000000000001, 'beta': 60.00000000000001, 'gamma': 60.00000000000001, 'volume': 40.475671304233664}",3.9989302156636066,0.0002619328571427104,NM,0.0001603,47.2,Zn1S1
49,mp-1778,BeO,6.9752,2,216,cubic,2,"{'Be': 1.0, 'O': 1.0}",13.980552130110983,"{'matrix': [[0.0, 1.912045, 1.912045], [1.912045, 0.0, 1.912045], [1.912045, 1.912045, 0.0]], 'a': 2.7040399708676643, 'b': 2.7040399708676643, 'c': 2.7040399708676643, 'alpha': 59.99999999999999, 'beta': 59.99999999999999, 'gamma': 59.99999999999999, 'volume': 13.980552130110983}",2.9707488403850077,0.006578127500000086,NM,0.0,46.4,Be1O1
50,mp-2534,GaAs,0.1839000000000004,2,216,cubic,2,"{'Ga': 1.0, 'As': 1.0}",47.531856924098754,"{'matrix': [[0.0, 2.875091, 2.875091], [2.875091, 0.0, 2.875091], [2.875091, 2.875091, 0.0]], 'a': 4.065992685256824, 'b': 4.065992685256824, 'c': 4.065992685256824, 'alpha': 60.00000000000001, 'beta': 60.00000000000001, 'gamma': 60.00000000000001, 'volume': 47.531856924098754}",5.053200624084066,0.0,NM,0.0013146,45.0,Ga1As1
51,mp-4953,CdGeAs2,0.42280000000000006,3,122,tetragonal,8,"{'Cd': 2.0, 'Ge': 2.0, 'As': 4.0}",211.2140407753786,"{'matrix': [[-3.034013, 3.034013, 5.736248], [3.034013, -3.034013, 5.736248], [3.034013, 3.034013, -5.736248]], 'a': 7.163449649843432, 'b': 7.163449649843432, 'c': 7.163449649843432, 'alpha': 129.88333203105128, 'beta': 129.88333203105128, 'gamma': 73.59334652058345, 'volume': 211.2140407753786}",5.265794832921725,0.0,NM,1.865e-05,42.0,Cd2Ge2As4
52,mp-1156,GaSb,0.36549999999999994,2,216,cubic,2,"{'Ga': 1.0, 'Sb': 1.0}",60.13324881486594,"{'matrix': [[0.0, 3.109531, 3.109531], [3.109531, 0.0, 3.109531], [3.109531, 3.109531, 0.0]], 'a': 4.397540912819573, 'b': 4.397540912819573, 'c': 4.397540912819573, 'alpha': 60.00000000000001, 'beta': 60.00000000000001, 'gamma': 60.00000000000001, 'volume': 60.13324881486594}",5.287673763789086,0.0,NM,0.000132,40.0,Ga1Sb1
53,mp-1027692,MoSe2,1.5906000000000002,2,164,trigonal,12,"{'Mo': 4.0, 'Se': 8.0}",392.08141984489305,"{'matrix': [[1.663474, -2.881222, 0.0], [1.663474, 2.881222, 0.0], [0.0, 0.0, 40.902846]], 'a': 3.3269484459426177, 'b': 3.3269484459426177, 'c': 40.902846, 'alpha': 90.0, 'beta': 90.0, 'gamma': 120.00000886798398, 'volume': 392.08141984489305}",4.300580707076999,0.0,NM,3.975e-05,40.0,Mo4Se8
54,mp-1821,WSe2,1.5109000000000004,2,194,hexagonal,6,"{'W': 2.0, 'Se': 4.0}",144.45658944735112,"{'matrix': [[1.663535, -2.881326, 0.0], [1.663535, 2.881326, 0.0], [0.0, 0.0, 15.068951]], 'a': 3.3270690125846505, 'b': 3.3270690125846505, 'c': 15.068951, 'alpha': 90.0, 'beta': 90.0, 'gamma': 119.999980365037, 'volume': 144.45658944735112}",7.857112417956539,0.0,NM,1.905e-05,36.0,W2Se4
55,mp-4524,ZnGeP2,1.2026,3,122,tetragonal,8,"{'Zn': 2.0, 'Ge': 2.0, 'P': 4.0}",164.24975389037243,"{'matrix': [[-2.752038, 2.752038, 5.421705], [2.752038, -2.752038, 5.421705], [2.752038, 2.752038, -5.421705]], 'a': 6.674002653124511, 'b': 6.674002653124511, 'c': 6.674002653124511, 'alpha': 131.2946671591616, 'beta': 131.2946671591616, 'gamma': 71.34533097562927, 'volume': 164.24975389037243}",4.0438665315488285,0.0,NM,0.0002859,35.5,Zn2Ge2P4
56,mp-1086,TaC,0.0,2,225,cubic,2,"{'Ta': 1.0, 'C': 1.0}",22.51011209588414,"{'matrix': [[0.0, 2.241038, 2.241038], [2.241038, 0.0, 2.241038], [2.241038, 2.241038, 0.0]], 'a': 3.1693063333934766, 'b': 3.1693063333934766, 'c': 3.1693063333934766, 'alpha': 60.00000000000001, 'beta': 60.00000000000001, 'gamma': 60.00000000000001, 'volume': 22.51011209588414}",14.234280973849424,0.0,NM,0.0001919,35.0,Ta1C1
57,mp-1143,Al2O3,6.043599999999999,2,167,trigonal,10,"{'Al': 4.0, 'O': 6.0}",87.42003699644115,"{'matrix': [[4.586845, -2.402514, 0.0], [4.586845, 2.402514, 0.0], [3.328448, 0.0, 3.966441]], 'a': 5.177955250310783, 'b': 5.177955250310783, 'c': 5.17795522336617, 'alpha': 55.28961178917173, 'beta': 55.28961178917173, 'gamma': 55.28961598024499, 'volume': 87.42003699644115}",3.8734983394693465,0.0,NM,0.0,30.0,Al4O6
58,mp-2605,CaO,3.6919,2,225,cubic,2,"{'Ca': 1.0, 'O': 1.0}",28.332082162785422,"{'matrix': [[0.0, 2.419633, 2.419633], [2.419633, 0.0, 2.419633], [2.419633, 2.419633, 0.0]], 'a': 3.4218778045654994, 'b': 3.4218778045654994, 'c': 3.4218778045654994, 'alpha': 60.00000000000001, 'beta': 60.00000000000001, 'gamma': 60.00000000000001, 'volume': 28.332082162785422}",3.2866879644895124,0.0,NM,5.46e-05,30.0,Ca1O1
59,mp-20305,InAs,0.3049999999999997,2,216,cubic,2,"{'In': 1.0, 'As': 1.0}",59.04960440129051,"{'matrix': [[0.0, 3.090739, 3.090739], [3.090739, 0.0, 3.090739], [3.090739, 3.090739, 0.0]], 'a': 4.370965011555458, 'b': 4.370965011555458, 'c': 4.370965011555458, 'alpha': 60.00000000000001, 'beta': 60.00000000000001, 'gamma': 60.00000000000001, 'volume': 59.04960440129051}",5.335683811527306,0.0,NM,0.0,30.0,In1As1
60,mp-19009,NiO,2.4141000000000004,2,225,cubic,4,"{'Ni': 2.0, 'O': 2.0}",37.485438869993075,"{'matrix': [[2.109361, -5.2e-05, -2.109347], [5.4e-05, -2.109368, 2.109347], [-2.105111, -2.105116, -4.214497]], 'a': 2.983077035115587, 'b': 2.983081984919121, 'c': 5.159940954970899, 'alpha': 106.80216282683215, 'beta': 73.19772652859304, 'gamma': 119.99806322678447, 'volume': 37.485438869993075}",6.617519556001579,0.0,AFM,0.0,30.0,Ni2O2
61,mp-910,NbC,0.0,2,225,cubic,2,"{'Nb': 1.0, 'C': 1.0}",22.87508541625878,"{'matrix': [[0.0, 2.253085, 2.253085], [2.253085, 0.0, 2.253085], [2.253085, 2.253085, 0.0]], 'a': 3.186343364179385, 'b': 3.186343364179385, 'c': 3.186343364179385, 'alpha': 59.99999999999999, 'beta': 59.99999999999999, 'gamma': 59.99999999999999, 'volume': 22.87508541625878}",7.616098778357742,0.040875050833330207,NM,3.33e-05,27.0,Nb1C1
62,mp-23703,LiH,3.1751,2,225,cubic,2,"{'Li': 1.0, 'H': 1.0}",16.002088090829318,"{'matrix': [[0.0, 2.000087, 2.000087], [2.000087, 0.0, 2.000087], [2.000087, 2.000087, 0.0]], 'a': 2.828550161326117, 'b': 2.828550161326117, 'c': 2.828550161326117, 'alpha': 60.00000000000001, 'beta': 60.00000000000001, 'gamma': 60.00000000000001, 'volume': 16.002088090829318}",0.824862688740225,0.0,NM,0.0001272,23.0,Li1H1
63,mp-1282,VC,0.0,2,225,cubic,2,"{'V': 1.0, 'C': 1.0}",18.02309334022026,"{'matrix': [[0.0, 2.080973, 2.080973], [2.080973, 0.0, 2.080973], [2.080973, 2.080973, 0.0]], 'a': 2.942940239532227, 'b': 2.942940239532227, 'c': 2.942940239532227, 'alpha': 60.00000000000001, 'beta': 60.00000000000001, 'gamma': 60.00000000000001, 'volume': 18.02309334022026}",5.80003584596311,0.08795233638888966,NM,0.0008287,21.0,V1C1
64,mp-20012,InSb,0.0,2,216,cubic,2,"{'In': 1.0, 'Sb': 1.0}",72.96483522814681,"{'matrix': [[0.0, 3.316611, 3.316611], [3.316611, 0.0, 3.316611], [3.316611, 3.316611, 0.0]], 'a': 4.690396257315793, 'b': 4.690396257315793, 'c': 4.690396257315793, 'alpha': 60.00000000000001, 'beta': 60.00000000000001, 'gamma': 60.00000000000001, 'volume': 72.96483522814681}",5.38405945918659,0.0,NM,0.0020371,20.0,In1Sb1
65,mp-2857,ScN,0.3250000000000002,2,225,cubic,2,"{'Sc': 1.0, 'N': 1.0}",23.060466148972292,"{'matrix': [[0.0, 2.259155, 2.259155], [2.259155, 0.0, 2.259155], [2.259155, 2.259155, 0.0]], 'a': 3.194927640502989, 'b': 3.194927640502989, 'c': 3.194927640502989, 'alpha': 59.99999999999999, 'beta': 59.99999999999999, 'gamma': 59.99999999999999, 'volume': 23.060466148972292}",4.245782373273551,0.0,NM,9.98e-05,20.0,Sc1N1
66,mp-1190,ZnSe,1.6143,2,216,cubic,2,"{'Zn': 1.0, 'Se': 1.0}",47.33765261366124,"{'matrix': [[0.0, 2.87117, 2.87117], [2.87117, 0.0, 2.87117], [2.87117, 2.87117, 0.0]], 'a': 4.06044755387876, 'b': 4.06044755387876, 'c': 4.06044755387876, 'alpha': 60.00000000000001, 'beta': 60.00000000000001, 'gamma': 60.00000000000001, 'volume': 47.33765261366124}",5.064263884449379,0.0,NM,0.0002941,19.0,Zn1Se1
67,mp-682,NaF,6.0951,2,225,cubic,2,"{'Na': 1.0, 'F': 1.0}",25.89360526789308,"{'matrix': [[0.0, 2.348123, 2.348123], [2.348123, 0.0, 2.348123], [2.348123, 2.348123, 0.0]], 'a': 3.3207473927201994, 'b': 3.3207473927201994, 'c': 3.3207473927201994, 'alpha': 60.00000000000001, 'beta': 60.00000000000001, 'gamma': 60.00000000000001, 'volume': 25.89360526789308}",2.6926725736656083,0.0,NM,0.0005076,18.4,Na1F1
68,mp-3614,KTaO3,2.1532,3,221,cubic,5,"{'K': 1.0, 'Ta': 1.0, 'O': 3.0}",65.49171385629549,"{'matrix': [[4.030839, 0.0, 0.0], [0.0, 4.030839, 0.0], [0.0, 0.0, 4.030839]], 'a': 4.030839, 'b': 4.030839, 'c': 4.030839, 'alpha': 90.0, 'beta': 90.0, 'gamma': 90.0, 'volume': 65.49171385629549}",6.796251592212529,0.0,NM,8.85e-05,18.0,K1Ta1O3
69,mp-2176,ZnTe,1.0782000000000003,2,216,cubic,2,"{'Zn': 1.0, 'Te': 1.0}",59.14560337032898,"{'matrix': [[0.0, 3.092413, 3.092413], [3.092413, 0.0, 3.092413], [3.092413, 3.092413, 0.0]], 'a': 4.3733324050588696, 'b': 4.3733324050588696, 'c': 4.3733324050588696, 'alpha': 59.99999999999999, 'beta': 59.99999999999999, 'gamma': 59.99999999999999, 'volume': 59.14560337032898}",5.4188133427036975,0.0,NM,0.0,18.0,Zn1Te1
70,mp-1138,LiF,8.7195,2,225,cubic,2,"{'Li': 1.0, 'F': 1.0}",17.0221618630938,"{'matrix': [[0.0, 2.041714, 2.041714], [2.041714, 0.0, 2.041714], [2.041714, 2.041714, 0.0]], 'a': 2.887419629287021, 'b': 2.887419629287021, 'c': 2.887419629287021, 'alpha': 60.00000000000001, 'beta': 60.00000000000001, 'gamma': 60.00000000000001, 'volume': 17.0221618630938}",2.530430195901122,0.0,NM,0.0003778,17.6,Li1F1
71,mp-571185,HfCoSb,0.0,3,216,cubic,3,"{'Hf': 1.0, 'Co': 1.0, 'Sb': 1.0}",62.48752238563125,"{'matrix': [[0.0, 3.149593, 3.149593], [3.149593, 0.0, 3.149593], [3.149593, 3.149593, 0.0]], 'a': 4.454197136555363, 'b': 4.454197136555363, 'c': 4.454197136555363, 'alpha': 60.00000000000001, 'beta': 60.00000000000001, 'gamma': 60.00000000000001, 'volume': 62.48752238563125}",9.5449092009584,0.6413692547619068,NM,0.0032987,17.0,Hf1Co1Sb1
72,mp-216,Sc2O3,3.814,2,206,cubic,40,"{'Sc': 16.0, 'O': 24.0}",488.44152730588723,"{'matrix': [[-4.961171, 4.961171, 4.961171], [4.961171, -4.961171, 4.961171], [4.961171, 4.961171, -4.961171]], 'a': 8.593000237037295, 'b': 8.593000237037295, 'c': 8.593000237037295, 'alpha': 109.47122063449069, 'beta': 109.47122063449069, 'gamma': 109.47122063449069, 'volume': 488.44152730588723}",3.7507864458761118,0.0,NM,0.00024135,17.0,Sc16O24
73,mp-1153,Li2S,3.5385,2,225,cubic,3,"{'Li': 2.0, 'S': 1.0}",46.8207418043704,"{'matrix': [[0.0, 2.860681, 2.860681], [2.860681, 0.0, 2.860681], [2.860681, 2.860681, 0.0]], 'a': 4.045613867823028, 'b': 4.045613867823028, 'c': 4.045613867823028, 'alpha': 60.00000000000001, 'beta': 60.00000000000001, 'gamma': 60.00000000000001, 'volume': 46.8207418043704}",1.6295510398331279,0.0,NM,7.54e-05,16.99,Li2S1
74,mp-672,CdS,1.1162,2,186,hexagonal,4,"{'Cd': 2.0, 'S': 2.0}",104.86287534018373,"{'matrix': [[2.103268, -3.642966, 0.0], [2.103268, 3.642966, 0.0], [0.0, 0.0, 6.842929]], 'a': 4.206535101123013, 'b': 4.206535101123013, 'c': 6.842929, 'alpha': 90.0, 'beta': 90.0, 'gamma': 119.99998586265815, 'volume': 104.86287534018373}",4.575652563556364,0.0,NM,0.0,16.0,Cd2S2
75,mp-19399,Cr2O3,2.4343,2,167,trigonal,10,"{'Cr': 4.0, 'O': 6.0}",102.92373273461686,"{'matrix': [[-5.069752, 2e-06, 5e-06], [3e-06, 2.927151, -4.623903], [2.534878, -4.39061, 7.2e-05]], 'a': 5.06975200000286, 'b': 5.472539806179486, 'c': 5.069818798750897, 'alpha': 117.59593326568563, 'beta': 119.9996128513744, 'gamma': 90.00006706393721, 'volume': 102.92373273461686}",4.9043304249161634,0.0,AFM,0.0,16.0,Cr4O6
76,mp-1239,Sb3Ir,0.5268999999999995,2,204,cubic,16,"{'Sb': 12.0, 'Ir': 4.0}",414.57854850872246,"{'matrix': [[-4.697307, 4.697307, 4.697307], [4.697307, -4.697307, 4.697307], [4.697307, 4.697307, -4.697307]], 'a': 8.135974382748941, 'b': 8.135974382748941, 'c': 8.135974382748941, 'alpha': 109.47122063449069, 'beta': 109.47122063449069, 'gamma': 109.47122063449069, 'volume': 414.57854850872246}",8.931919428463367,0.0,NM,9.275e-06,16.0,Sb12Ir4
77,mp-1170,SnS2,1.5615,2,164,trigonal,3,"{'Sn': 1.0, 'S': 2.0}",82.72632878801336,"{'matrix': [[1.84996, -3.204225, 0.0], [1.84996, 3.204225, 0.0], [0.0, 0.0, 6.977959]], 'a': 3.699920249441196, 'b': 3.699920249441196, 'c': 6.977959, 'alpha': 90.0, 'beta': 90.0, 'gamma': 120.00000446033842, 'volume': 82.72632878801336}",3.67008868138164,0.0,NM,1.6e-06,16.0,Sn1S2
78,mp-22377,ZrCoSb,0.0,3,216,cubic,3,"{'Zr': 1.0, 'Co': 1.0, 'Sb': 1.0}",63.22865509844754,"{'matrix': [[0.0, 3.161996, 3.161996], [3.161996, 0.0, 3.161996], [3.161996, 3.161996, 0.0]], 'a': 4.471737627369476, 'b': 4.471737627369476, 'c': 4.471737627369476, 'alpha': 59.99999999999999, 'beta': 59.99999999999999, 'gamma': 59.99999999999999, 'volume': 63.22865509844754}",7.141210333744336,0.6092560841666632,FM,0.2905716,15.0,Zr1Co1Sb1
79,mp-24093,CuH,0.7310000000000008,2,186,hexagonal,4,"{'Cu': 2.0, 'H': 2.0}",32.12408948466312,"{'matrix': [[1.424304, -2.466966, 0.0], [1.424304, 2.466966, 0.0], [0.0, 0.0, 4.57125]], 'a': 2.8486072262725166, 'b': 2.8486072262725166, 'c': 4.57125, 'alpha': 90.0, 'beta': 90.0, 'gamma': 119.99998203002502, 'volume': 32.12408948466312}",6.673766696119418,0.04857917749999974,NM,0.0001345,15.0,Cu2H2
80,mp-871,FeSi,0.16639999999999944,2,198,cubic,8,"{'Fe': 4.0, 'Si': 4.0}",88.01548130249711,"{'matrix': [[4.448221, 0.0, 0.0], [0.0, 4.448221, 0.0], [0.0, 0.0, 4.448221]], 'a': 4.448221, 'b': 4.448221, 'c': 4.448221, 'alpha': 90.0, 'beta': 90.0, 'gamma': 90.0, 'volume': 88.01548130249711}",6.333879997782489,0.0,NM,4.875e-06,15.0,Fe4Si4
81,mp-2286,Li2Se,3.1073999999999997,2,225,cubic,3,"{'Li': 2.0, 'Se': 1.0}",54.53555076984047,"{'matrix': [[0.0, 3.009885, 3.009885], [3.009885, 0.0, 3.009885], [3.009885, 3.009885, 0.0]], 'a': 4.256620188183343, 'b': 4.256620188183343, 'c': 4.256620188183343, 'alpha': 60.00000000000001, 'beta': 60.00000000000001, 'gamma': 60.00000000000001, 'volume': 54.53555076984047}",2.826922362477282,0.0,NM,6.74e-05,14.88,Li2Se1
82,mp-22408,CoO,0.8425000000000002,2,216,cubic,8,"{'Co': 4.0, 'O': 4.0}",97.24749745063068,"{'matrix': [[-3.753675, -2.655257, -0.006337], [1.87449, -2.659759, -3.24849], [-0.931417, -2.653581, 4.871099]], 'a': 4.597880587753775, 'b': 4.59790365039123, 'c': 5.62464534164164, 'alpha': 113.98280964560797, 'beta': 66.01816390002557, 'gamma': 89.87342397558366, 'volume': 97.24749745063068}",5.118013506615284,0.0,AFM,1.25e-07,14.0,Co2O2
83,mp-886,Ga2O3,2.0406,2,12,monoclinic,10,"{'Ga': 4.0, 'O': 6.0}",109.59276319577343,"{'matrix': [[1.541484, 6.226223, 0.0], [-1.541484, 6.226223, 0.0], [0.0, 1.390063, 5.70937]], 'a': 6.4142049989055545, 'b': 6.4142049989055545, 'c': 5.876153583839431, 'alpha': 76.72488019568868, 'beta': 76.72488019568868, 'gamma': 27.81126515815204, 'volume': 109.59276319577343}",5.6802731828480395,0.0,NM,0.00021095,14.0,Ga4O6
84,mp-3595,ZnSiAs2,0.8902000000000001,3,122,tetragonal,8,"{'Zn': 2.0, 'Si': 2.0, 'As': 4.0}",178.36813063034234,"{'matrix': [[-2.83966, 2.83966, 5.529993], [2.83966, -2.83966, 5.529993], [2.83966, 2.83966, -5.529993]], 'a': 6.834336866971732, 'b': 6.834336866971732, 'c': 6.834336866971732, 'alpha': 130.89851283026414, 'beta': 130.89851283026414, 'gamma': 71.97437050792422, 'volume': 178.36813063034234}",4.530761810404417,0.0,NM,0.0,14.0,Zn2Si2As4
85,mp-3748,AlCuO2,1.8708999999999998,3,166,trigonal,4,"{'Al': 1.0, 'Cu': 1.0, 'O': 2.0}",40.86709862692875,"{'matrix': [[5.754577, -1.439372, 0.0], [5.754577, 1.439372, 0.0], [5.394552, 0.0, 2.466933]], 'a': 5.93185874775462, 'b': 5.93185874775462, 'c': 5.931858874517583, 'alpha': 28.086127549619093, 'beta': 28.086127549619093, 'gamma': 28.0861258430081, 'volume': 40.86709862692875}",4.978571485833173,0.0,NM,0.0004079,13.0,Al1Cu1O4
86,mp-567636,VFeSb,0.5303000000000004,3,216,cubic,3,"{'V': 1.0, 'Fe': 1.0, 'Sb': 1.0}",48.50763179901521,"{'matrix': [[0.0, 2.894632, 2.894632], [2.894632, 0.0, 2.894632], [2.894632, 2.894632, 0.0]], 'a': 4.093627832479157, 'b': 4.093627832479157, 'c': 4.093627832479157, 'alpha': 60.00000000000001, 'beta': 60.00000000000001, 'gamma': 60.00000000000001, 'volume': 48.50763179901521}",7.823725416180832,0.0,NM,2.66e-05,13.0,V1Fe1Sb1
87,mp-4840,GaCuSe2,0.45809999999999995,3,122,tetragonal,8,"{'Ga': 2.0, 'Cu': 2.0, 'Se': 4.0}",180.76173278024305,"{'matrix': [[-2.833897, 2.833897, 5.627019], [2.833897, -2.833897, 5.627019], [2.833897, 2.833897, -5.627019]], 'a': 6.908349096533772, 'b': 6.908349096533772, 'c': 6.908349096533772, 'alpha': 131.56352483416813, 'beta': 131.56352483416813, 'gamma': 70.91927172028471, 'volume': 180.76173278024305}",5.3499233806530135,0.0,NM,2.75e-06,12.9,Ga2Cu2Se4
88,mp-2691,CdSe,0.5095,2,216,cubic,2,"{'Cd': 1.0, 'Se': 1.0}",59.952770657212426,"{'matrix': [[0.0, 3.106417, 3.106417], [3.106417, 0.0, 3.106417], [3.106417, 3.106417, 0.0]], 'a': 4.393137051786343, 'b': 4.393137051786343, 'c': 4.393137051786343, 'alpha': 60.00000000000001, 'beta': 60.00000000000001, 'gamma': 60.00000000000001, 'volume': 59.952770657212426}",5.300489339037397,0.0,NM,0.0,12.4,Cd1Se1
89,mp-5967,TiCoSb,1.0675,3,216,cubic,3,"{'Ti': 1.0, 'Co': 1.0, 'Sb': 1.0}",51.1768011539075,"{'matrix': [[0.0, 2.94678, 2.94678], [2.94678, 0.0, 2.94678], [2.94678, 2.94678, 0.0]], 'a': 4.167376241329789, 'b': 4.167376241329789, 'c': 4.167376241329789, 'alpha': 60.00000000000001, 'beta': 60.00000000000001, 'gamma': 60.00000000000001, 'volume': 51.1768011539075}",7.41611676208167,0.0,NM,0.001306,12.0,Ti1Co1Sb1
90,mp-19770,Fe2O3,0.0,2,167,trigonal,10,"{'Fe': 4.0, 'O': 6.0}",104.66803233171899,"{'matrix': [[-2.552494, -4.421061, 2e-06], [-2.552353, 4.42098, 4e-05], [2.552438, -1.473653, -4.637793]], 'a': 5.104998137684381, 'b': 5.104857490528898, 'c': 5.495062949512226, 'alpha': 117.67780042868824, 'beta': 89.99996354227609, 'gamma': 120.00104735003897, 'volume': 104.66803233171899}",5.0668477980869895,0.0,AFM,0.0,11.3,Fe4O6
91,mp-1597,UO2,0.0,2,225,cubic,3,"{'U': 1.0, 'O': 2.0}",39.8126456624559,"{'matrix': [[0.0, 2.710173, 2.710173], [2.710173, 0.0, 2.710173], [2.710173, 2.710173, 0.0]], 'a': 3.8327634129773784, 'b': 3.8327634129773784, 'c': 3.8327634129773784, 'alpha': 60.00000000000001, 'beta': 60.00000000000001, 'gamma': 60.00000000000001, 'volume': 39.8126456624559}",11.262541186565187,0.0,FM,2.001169,11.1,U1O2
92,mp-3668,CdGeP2,0.6476999999999999,3,122,tetragonal,8,"{'Cd': 2.0, 'Ge': 2.0, 'P': 4.0}",185.24644730523534,"{'matrix': [[-2.905468, 2.905468, 5.486024], [2.905468, -2.905468, 5.486024], [2.905468, 2.905468, -5.486024]], 'a': 6.854191996626882, 'b': 6.854191996626882, 'c': 6.854191996626882, 'alpha': 129.8383290950825, 'beta': 129.8383290950825, 'gamma': 73.66535466424547, 'volume': 185.24644730523534}",4.428162639132526,0.0,NM,3.855e-05,11.0,Cd2Ge2P4
93,mp-1960,Li2O,4.9922,2,225,cubic,3,"{'Li': 2.0, 'O': 1.0}",25.279818687680972,"{'matrix': [[0.0, 2.329421, 2.329421], [2.329421, 0.0, 2.329421], [2.329421, 2.329421, 0.0]], 'a': 3.2942987706766975, 'b': 3.2942987706766975, 'c': 3.2942987706766975, 'alpha': 60.00000000000001, 'beta': 60.00000000000001, 'gamma': 60.00000000000001, 'volume': 25.279818687680972}",1.9628001560343873,0.0,NM,0.0,11.0,Li2O1
94,mp-4008,ZnGeAs2,0.5678999999999998,3,122,tetragonal,8,"{'Zn': 2.0, 'Ge': 2.0, 'As': 4.0}",188.56610421282053,"{'matrix': [[-2.879311, 2.879311, 5.686257], [2.879311, -2.879311, 5.686257], [2.879311, 2.879311, -5.686257]], 'a': 6.993881779061682, 'b': 6.993881779061682, 'c': 6.993881779061682, 'alpha': 131.37791889658774, 'beta': 131.37791889658774, 'gamma': 71.21332887450657, 'volume': 188.56610421282053}",5.070436673283274,0.0,NM,5.955e-05,11.0,Zn2Ge2As4
95,mp-1958,SrTe,2.0435000000000003,2,225,cubic,2,"{'Sr': 1.0, 'Te': 1.0}",76.00668651799867,"{'matrix': [[0.0, 3.362074, 3.362074], [3.362074, 0.0, 3.362074], [3.362074, 3.362074, 0.0]], 'a': 4.754690648501961, 'b': 4.754690648501961, 'c': 4.754690648501961, 'alpha': 59.99999999999999, 'beta': 59.99999999999999, 'gamma': 59.99999999999999, 'volume': 76.00668651799867}",4.701970764493499,0.0,NM,0.0002466,11.0,Sr1Te1
96,mp-10694,ScF3,6.11,2,221,cubic,4,"{'Sc': 1.0, 'F': 3.0}",67.39877022543207,"{'matrix': [[4.06959, 0.0, 0.0], [0.0, 4.06959, 0.0], [0.0, 0.0, 4.06959]], 'a': 4.06959, 'b': 4.06959, 'c': 4.06959, 'alpha': 90.0, 'beta': 90.0, 'gamma': 90.0, 'volume': 67.39877022543207}",2.5118235797810775,0.0,NM,4.02e-05,10.5,Sc1F3
97,mp-665,SnSe2,0.8000000000000003,2,164,trigonal,3,"{'Sn': 1.0, 'Se': 2.0}",89.70901303326058,"{'matrix': [[1.93664, -3.354359, 0.0], [1.93664, 3.354359, 0.0], [0.0, 0.0, 6.904745]], 'a': 3.8732801074129664, 'b': 3.8732801074129664, 'c': 6.904745, 'alpha': 90.0, 'beta': 90.0, 'gamma': 120.00000183472004, 'volume': 89.70901303326058}",5.12049911666342,0.0,NM,0.0068583,10.5,Sn1Se2
98,mp-1317,CoSb3,0.5821000000000005,2,204,cubic,16,"{'Co': 4.0, 'Sb': 12.0}",378.67996384911737,"{'matrix': [[-4.557613, 4.557613, 4.557613], [4.557613, -4.557613, 4.557613], [4.557613, 4.557613, -4.557613]], 'a': 7.894017277236414, 'b': 7.894017277236414, 'c': 7.894017277236414, 'alpha': 109.47122063449069, 'beta': 109.47122063449069, 'gamma': 109.47122063449069, 'volume': 378.67996384911737}",7.44082233139091,0.0,NM,0.0002189,10.0,Co4Sb12
99,mp-19006,MnO,0.19930000000000003,2,225,cubic,4,"{'Mn': 2.0, 'O': 2.0}",45.386638186518894,"{'matrix': [[-2.768974, -5e-05, -1.598707], [1.845949, -2.610658, -2.3e-05], [-3.64722, -2.579038, 3.119833]], 'a': 3.1973553269890105, 'b': 3.197352483554793, 'c': 5.448578592782984, 'alpha': 89.99890704028832, 'beta': 72.93785178320344, 'gamma': 119.9979387273883, 'volume': 45.386638186518894}",5.1907082530856865,0.0,AFM,0.0,10.0,Mn2O2
100,mp-2472,SrO,3.4486999999999997,2,225,cubic,2,"{'Sr': 1.0, 'O': 1.0}",35.27691022191445,"{'matrix': [[0.0, 2.603076, 2.603076], [2.603076, 0.0, 2.603076], [2.603076, 2.603076, 0.0]], 'a': 3.681305383087907, 'b': 3.681305383087907, 'c': 3.681305383087907, 'alpha': 59.99999999999999, 'beta': 59.99999999999999, 'gamma': 59.99999999999999, 'volume': 35.27691022191445}",4.877526423806916,0.0,NM,0.0,10.0,Sr1O1
101,mp-2242,GeS,1.237,2,62,orthorhombic,8,"{'Ge': 4.0, 'S': 4.0}",175.8656429001093,"{'matrix': [[3.665881, 0.0, 0.0], [0.0, 4.454533, 0.0], [0.0, 0.0, 10.769622]], 'a': 3.665881, 'b': 4.454533, 'c': 10.769622, 'alpha': 90.0, 'beta': 90.0, 'gamma': 90.0, 'volume': 175.8656429001093}",3.954535749023095,0.0,NM,0.00013215,10.0,Ge4S4
102,mp-1219182,SiGe,0.8585000000000003,2,216,cubic,2,"{'Si': 1.0, 'Ge': 1.0}",43.74092648009269,"{'matrix': [[0.0, 2.796529, 2.796529], [2.796529, 0.0, 2.796529], [2.796529, 2.796529, 0.0]], 'a': 3.954889239369669, 'b': 3.954889239369669, 'c': 3.954889239369669, 'alpha': 59.99999999999999, 'beta': 59.99999999999999, 'gamma': 59.99999999999999, 'volume': 43.74092648009269}",3.823847394474847,0.06024184750000039,NM,4.25e-05,10.0,Si1Ge1
103,mp-408,Mg2Ge,0.25050000000000017,2,225,cubic,3,"{'Mg': 2.0, 'Ge': 1.0}",66.32025586961251,"{'matrix': [[0.0, 3.212714, 3.212714], [3.212714, 0.0, 3.212714], [3.212714, 3.212714, 0.0]], 'a': 4.5434637108259155, 'b': 4.5434637108259155, 'c': 4.5434637108259155, 'alpha': 59.99999999999999, 'beta': 59.99999999999999, 'gamma': 59.99999999999999, 'volume': 66.32025586961251}",3.0358803533733467,0.0,NM,0.0007279,9.3,Mg2Ge1
104,mp-924130,TiNiSn,0.4527000000000001,3,216,cubic,3,"{'Ti': 1.0, 'Ni': 1.0, 'Sn': 1.0}",51.737936260109635,"{'matrix': [[0.0, 2.957511, 2.957511], [2.957511, 0.0, 2.957511], [2.957511, 2.957511, 0.0]], 'a': 4.182552167067614, 'b': 4.182552167067614, 'c': 4.182552167067614, 'alpha': 60.00000000000001, 'beta': 60.00000000000001, 'gamma': 60.00000000000001, 'volume': 51.737936260109635}",7.23009703881482,0.0,NM,2.5e-06,9.3,Ti1Ni1Sn1
105,mp-1132,CdO,0.0,2,225,cubic,2,"{'Cd': 1.0, 'O': 1.0}",27.367291401313242,"{'matrix': [[0.0, 2.39185, 2.39185], [2.39185, 0.0, 2.39185], [2.39185, 2.39185, 0.0]], 'a': 3.382586709162087, 'b': 3.382586709162087, 'c': 3.382586709162087, 'alpha': 60.00000000000001, 'beta': 60.00000000000001, 'gamma': 60.00000000000001, 'volume': 27.367291401313242}",7.791435499806187,0.0,NM,4e-07,9.0,Cd1O1
106,mp-924129,ZrNiSn,0.5202,3,216,cubic,3,"{'Zr': 1.0, 'Ni': 1.0, 'Sn': 1.0}",58.51138849215193,"{'matrix': [[0.0, 3.08132, 3.08132], [3.08132, 0.0, 3.08132], [3.08132, 3.08132, 0.0]], 'a': 4.357644534011465, 'b': 4.357644534011465, 'c': 4.357644534011465, 'alpha': 60.00000000000001, 'beta': 60.00000000000001, 'gamma': 60.00000000000001, 'volume': 58.51138849215193}",7.623580700345458,0.0,NM,7.5e-06,8.8,Ni1Sn1Zr1
107,mp-2741,CaF2,7.2479,2,225,cubic,3,"{'Ca': 1.0, 'F': 2.0}",41.95899365917049,"{'matrix': [[0.0, 2.758026, 2.758026], [2.758026, 0.0, 2.758026], [2.758026, 2.758026, 0.0]], 'a': 3.9004377745776178, 'b': 3.9004377745776178, 'c': 3.9004377745776178, 'alpha': 59.99999999999999, 'beta': 59.99999999999999, 'gamma': 59.99999999999999, 'volume': 41.95899365917049}",3.0898325922098566,0.0,NM,3.49e-05,8.6,Ca1F2
108,mp-4651,SrTiO3,1.8583000000000003,3,140,tetragonal,10,"{'Sr': 2.0, 'Ti': 2.0, 'O': 6.0}",122.55854213516308,"{'matrix': [[-2.783864, 2.783864, 3.953553], [2.783864, -2.783864, 3.953553], [2.783864, 2.783864, -3.953553]], 'a': 5.579460445670441, 'b': 5.579460445670441, 'c': 5.579460445670441, 'alpha': 120.13907092098805, 'beta': 120.13907092098805, 'gamma': 89.75929040698281, 'volume': 122.55854213516308}",4.972062125329374,0.0,NM,5.595e-05,8.5,Sr2Ti2O6
109,mp-1367,Mg2Si,0.29349999999999987,2,225,cubic,3,"{'Mg': 2.0, 'Si': 1.0}",64.4718956285029,"{'matrix': [[0.0, 3.182586, 3.182586], [3.182586, 0.0, 3.182586], [3.182586, 3.182586, 0.0]], 'a': 4.500856284618739, 'b': 4.500856284618739, 'c': 4.500856284618739, 'alpha': 59.99999999999999, 'beta': 59.99999999999999, 'gamma': 59.99999999999999, 'volume': 64.4718956285029}",1.975370395749873,0.0,NM,0.0001926,8.2,Mg2Si1
110,mp-546794,SiO2,5.851,2,122,tetragonal,6,"{'Si': 2.0, 'O': 4.0}",94.26185405895745,"{'matrix': [[-2.52815, 2.52815, 3.686976], [2.52815, -2.52815, 3.686976], [2.52815, 2.52815, -3.686976]], 'a': 5.135842371955744, 'b': 5.135842371955744, 'c': 5.135842371955744, 'alpha': 121.02203993798008, 'beta': 121.02203993798008, 'gamma': 88.23870670865517, 'volume': 94.26185405895745}",2.116918417006954,0.0,NM,4.1e-06,8.0,Si2O4
111,mp-1018040,MgSe,2.5791,2,186,hexagonal,4,"{'Mg': 2.0, 'Se': 2.0}",107.89646344261384,"{'matrix': [[2.126904, -3.683906, 0.0], [2.126904, 3.683906, 0.0], [0.0, 0.0, 6.885267]], 'a': 4.253808181153918, 'b': 4.253808181153918, 'c': 6.885267, 'alpha': 90.0, 'beta': 90.0, 'gamma': 120.00000281748638, 'volume': 107.89646344261384}",3.1785206158059203,0.0,NM,0.00013075,7.69,Mg2Se2
112,mp-406,CdTe,1.2285,2,216,cubic,2,"{'Cd': 1.0, 'Te': 1.0}",72.82718102978095,"{'matrix': [[0.0, 3.314524, 3.314524], [3.314524, 0.0, 3.314524], [3.314524, 3.314524, 0.0]], 'a': 4.687444793611121, 'b': 4.687444793611121, 'c': 4.687444793611121, 'alpha': 60.00000000000001, 'beta': 60.00000000000001, 'gamma': 60.00000000000001, 'volume': 72.82718102978095}",5.472512271905128,0.0,NM,0.0016615,7.5,Cd1Te1
113,mp-23193,KCl,5.0448,2,225,cubic,2,"{'K': 1.0, 'Cl': 1.0}",65.03323740347665,"{'matrix': [[0.0, 3.191796, 3.191796], [3.191796, 0.0, 3.191796], [3.191796, 3.191796, 0.0]], 'a': 4.513881191528196, 'b': 4.513881191528196, 'c': 4.513881191528196, 'alpha': 60.00000000000001, 'beta': 60.00000000000001, 'gamma': 60.00000000000001, 'volume': 65.03323740347665}",1.9035704058183411,0.0,NM,0.0001108,7.1,K1Cl1
114,mp-2343,Mg2Sn,0.0,2,225,cubic,3,"{'Mg': 2.0, 'Sn': 1.0}",79.1866975886188,"{'matrix': [[0.0, 3.408323, 3.408323], [3.408323, 0.0, 3.408323], [3.408323, 3.408323, 0.0]], 'a': 4.820096611548155, 'b': 4.820096611548155, 'c': 4.820096611548155, 'alpha': 60.00000000000001, 'beta': 60.00000000000001, 'gamma': 60.00000000000001, 'volume': 79.1866975886188}",3.508687760498868,0.0,NM,0.0012246,7.1,Mg2Sn1
115,mp-22862,NaCl,5.145099999999999,2,225,cubic,2,"{'Na': 1.0, 'Cl': 1.0}",46.09614833243692,"{'matrix': [[0.0, 2.845847, 2.845847], [2.845847, 0.0, 2.845847], [2.845847, 2.845847, 0.0]], 'a': 4.024635423838785, 'b': 4.024635423838785, 'c': 4.024635423838785, 'alpha': 60.00000000000001, 'beta': 60.00000000000001, 'gamma': 60.00000000000001, 'volume': 46.09614833243692}",2.1053060843576104,0.0,NM,5.08e-05,7.1,Na1Cl1
116,mp-924128,HfNiSn,0.4347000000000003,3,216,cubic,3,"{'Hf': 1.0, 'Ni': 1.0, 'Sn': 1.0}",57.15171262001417,"{'matrix': [[0.0, 3.057265, 3.057265], [3.057265, 0.0, 3.057265], [3.057265, 3.057265, 0.0]], 'a': 4.323625626768581, 'b': 4.323625626768581, 'c': 4.323625626768581, 'alpha': 60.00000000000001, 'beta': 60.00000000000001, 'gamma': 60.00000000000001, 'volume': 57.15171262001417}",10.340458179693195,0.0,NM,0.000865,6.7,Hf1Ni1Sn1
117,mp-463,KF,6.0694,2,225,cubic,2,"{'K': 1.0, 'F': 1.0}",39.892863219729406,"{'matrix': [[0.0, 2.711992, 2.711992], [2.711992, 0.0, 2.711992], [2.711992, 2.711992, 0.0]], 'a': 3.8353358674473346, 'b': 3.8353358674473346, 'c': 3.8353358674473346, 'alpha': 59.99999999999999, 'beta': 59.99999999999999, 'gamma': 59.99999999999999, 'volume': 39.892863219729406}",2.4182732829403464,0.0,NM,1e-06,6.43,K1F1
118,mp-5238,GaCuS2,0.7026000000000003,3,122,tetragonal,8,"{'Ga': 2.0, 'Cu': 2.0, 'S': 4.0}",153.2742792826676,"{'matrix': [[-2.684865, 2.684865, 5.315748], [2.684865, -2.684865, 5.315748], [2.684865, 2.684865, -5.315748]], 'a': 6.532547507362959, 'b': 6.532547507362959, 'c': 6.532547507362959, 'alpha': 131.46489393331353, 'beta': 131.46489393331353, 'gamma': 71.07549317307759, 'volume': 153.2742792826676}",4.277152732237182,0.0,NM,3.5e-07,5.09,Ga2Cu2S4
119,mp-361,Cu2O,0.5126999999999997,2,224,cubic,6,"{'Cu': 4.0, 'O': 2.0}",78.83290124625067,"{'matrix': [[4.287813, 0.0, 0.0], [0.0, 4.287813, 0.0], [0.0, 0.0, 4.287813]], 'a': 4.287813, 'b': 4.287813, 'c': 4.287813, 'alpha': 90.0, 'beta': 90.0, 'gamma': 90.0, 'volume': 78.83290124625067}",6.028164790035252,0.0,NM,0.01225915,5.0,Cu4O2
120,mp-1253,BaSe,2.2121000000000004,2,225,cubic,2,"{'Ba': 1.0, 'Se': 1.0}",74.74111078246291,"{'matrix': [[0.0, 3.343309, 3.343309], [3.343309, 0.0, 3.343309], [3.343309, 3.343309, 0.0]], 'a': 4.72815293100403, 'b': 4.72815293100403, 'c': 4.72815293100403, 'alpha': 59.99999999999999, 'beta': 59.99999999999999, 'gamma': 59.99999999999999, 'volume': 74.74111078246291}",4.805294025439946,0.0,NM,9.6e-05,4.68,Ba1Se1
121,mp-20459,TiPbO3,1.9569,3,99,tetragonal,5,"{'Ti': 1.0, 'Pb': 1.0, 'O': 3.0}",68.98476581295094,"{'matrix': [[3.861215, 0.0, 0.0], [0.0, 3.861215, 0.0], [0.0, 0.0, 4.627061]], 'a': 3.861215, 'b': 3.861215, 'c': 4.627061, 'alpha': 90.0, 'beta': 90.0, 'gamma': 90.0, 'volume': 68.98476581295094}",7.29511216565533,0.0,NM,0.0002097,4.0,Pb1Ti1O3
122,mp-23152,Bi,0.0,1,166,trigonal,2,{'Bi': 2.0},73.45577219694691,"{'matrix': [[4.207773, -2.304793, 0.0], [4.207773, 2.304793, 0.0], [2.94533, 0.0, 3.787143]], 'a': 4.7976477978669925, 'b': 4.7976477978669925, 'c': 4.797647435082011, 'alpha': 57.423146938351614, 'beta': 57.423146938351614, 'gamma': 57.42314144558041, 'volume': 73.45577219694691}",9.44840978387041,0.0,NM,0.0001038,4.0,Bi2
123,mp-22867,RbBr,4.3724,2,225,cubic,2,"{'Rb': 1.0, 'Br': 1.0}",86.78052839266779,"{'matrix': [[0.0, 3.513965, 3.513965], [3.513965, 0.0, 3.513965], [3.513965, 3.513965, 0.0]], 'a': 4.969496960704372, 'b': 4.969496960704372, 'c': 4.969496960704372, 'alpha': 60.00000000000001, 'beta': 60.00000000000001, 'gamma': 60.00000000000001, 'volume': 86.78052839266779}",3.1643773032979565,0.0,NM,0.0001711,3.8,Rb1Br1
124,mp-753,ZnSb,0.07649999999999935,2,61,orthorhombic,16,"{'Zn': 8.0, 'Sb': 8.0}",404.68366137467774,"{'matrix': [[6.283872, 0.0, 0.0], [0.0, 7.822845, 0.0], [0.0, 0.0, 8.232346]], 'a': 6.283872, 'b': 7.822845, 'c': 8.232346, 'alpha': 90.0, 'beta': 90.0, 'gamma': 90.0, 'volume': 404.68366137467774}",6.1440866774939815,0.0,NM,4.625e-07,3.5,Zn8Sb8
125,mp-23251,KBr,4.5151,2,225,cubic,2,"{'K': 1.0, 'Br': 1.0}",75.29435878270051,"{'matrix': [[0.0, 3.351538, 3.351538], [3.351538, 0.0, 3.351538], [3.351538, 3.351538, 0.0]], 'a': 4.7397904944087985, 'b': 4.7397904944087985, 'c': 4.7397904944087985, 'alpha': 60.00000000000001, 'beta': 60.00000000000001, 'gamma': 60.00000000000001, 'volume': 75.29435878270051}",2.624472422104685,0.0,NM,2.8e-06,3.4,K1Br1
126,mp-1214046,Ca3Si4,0.4162000000000008,2,176,hexagonal,42,"{'Ca': 18.0, 'Si': 24.0}",942.8738216570208,"{'matrix': [[4.273558, -7.402019, 0.0], [4.273558, 7.402019, 0.0], [0.0, 0.0, 14.903346]], 'a': 8.547115493295092, 'b': 8.547115493295092, 'c': 14.903346, 'alpha': 90.0, 'beta': 90.0, 'gamma': 119.9999960778198, 'volume': 942.8738216570208}",2.457602651062123,0.0021037711904758893,NM,0.0005147,3.2,Ca18Si24
127,mp-2231,SnS,1.1111000000000004,2,62,orthorhombic,8,"{'Sn': 4.0, 'S': 4.0}",204.37625934004453,"{'matrix': [[4.023972, 0.0, 0.0], [0.0, 4.442511, 0.0], [0.0, 0.0, 11.432652]], 'a': 4.023972, 'b': 4.442511, 'c': 11.432652, 'alpha': 90.0, 'beta': 90.0, 'gamma': 90.0, 'volume': 204.37625934004453}",4.9001342636386935,0.0,NM,0.0014024,3.1,Sn4S4
128,mp-820,HgSe,0.12360000000000004,2,216,cubic,2,"{'Hg': 1.0, 'Se': 1.0}",61.7493103707798,"{'matrix': [[0.0, 3.137141, 3.137141], [3.137141, 0.0, 3.137141], [3.137141, 3.137141, 0.0]], 'a': 4.436587349276694, 'b': 4.436587349276694, 'c': 4.436587349276694, 'alpha': 60.00000000000001, 'beta': 60.00000000000001, 'gamma': 60.00000000000001, 'volume': 61.7493103707798}",7.517552718899584,0.0,NM,4.84e-05,3.0,Hg1Se1
129,mp-1039,MgTe,2.3619999999999997,2,186,hexagonal,4,"{'Mg': 2.0, 'Te': 2.0}",138.26178168678,"{'matrix': [[2.30544, -3.99314, 0.0], [2.30544, 3.99314, 0.0], [0.0, 0.0, 7.509375]], 'a': 4.61088068086781, 'b': 4.61088068086781, 'c': 7.509375, 'alpha': 90.0, 'beta': 90.0, 'gamma': 120.00000976946787, 'volume': 138.26178168678}",3.648791210911923,0.0,NM,3.46e-05,3.0,Mg2Te2
130,mp-21276,PbS,0.9925999999999995,2,225,cubic,2,"{'Pb': 1.0, 'S': 1.0}",54.174229046081315,"{'matrix': [[0.0, 3.003223, 3.003223], [3.003223, 0.0, 3.003223], [3.003223, 3.003223, 0.0]], 'a': 4.2471986974308145, 'b': 4.2471986974308145, 'c': 4.2471986974308145, 'alpha': 60.00000000000001, 'beta': 60.00000000000001, 'gamma': 60.00000000000001, 'volume': 54.174229046081315}",7.333909254750865,0.0,NM,0.0001476,2.9,Pb1S1
131,mp-22916,NaBr,4.0895,2,225,cubic,2,"{'Na': 1.0, 'Br': 1.0}",54.748524180331046,"{'matrix': [[0.0, 3.013798, 3.013798], [3.013798, 0.0, 3.013798], [3.013798, 3.013798, 0.0]], 'a': 4.262154005852909, 'b': 4.262154005852909, 'c': 4.262154005852909, 'alpha': 60.00000000000001, 'beta': 60.00000000000001, 'gamma': 60.00000000000001, 'volume': 54.748524180331046}",3.120798709320274,0.0,NM,0.0002847,2.8,Na1Br1
132,mp-23295,RbCl,5.0161999999999995,2,225,cubic,2,"{'Rb': 1.0, 'Cl': 1.0}",75.14793306985507,"{'matrix': [[0.0, 3.349364, 3.349364], [3.349364, 0.0, 3.349364], [3.349364, 3.349364, 0.0]], 'a': 4.736715994124199, 'b': 4.736715994124199, 'c': 4.736715994124199, 'alpha': 60.00000000000001, 'beta': 60.00000000000001, 'gamma': 60.00000000000001, 'volume': 75.14793306985507}",2.671979177096913,0.0,NM,0.0003388,2.8,Rb1Cl1
133,mp-22898,KI,4.0433,2,225,cubic,2,"{'K': 1.0, 'I': 1.0}",92.7433338439933,"{'matrix': [[0.0, 3.592672, 3.592672], [3.592672, 0.0, 3.592672], [3.592672, 3.592672, 0.0]], 'a': 5.080805467558072, 'b': 5.080805467558072, 'c': 5.080805467558072, 'alpha': 60.00000000000001, 'beta': 60.00000000000001, 'gamma': 60.00000000000001, 'volume': 92.7433338439933}",2.972225316080415,0.0,NM,0.0002958,2.6,KI
134,mp-2730,HgTe,0.0,2,216,cubic,2,"{'Hg': 1.0, 'Te': 1.0}",73.86531493784373,"{'matrix': [[0.0, 3.330199, 3.330199], [3.330199, 0.0, 3.330199], [3.330199, 3.330199, 0.0]], 'a': 4.709612591201319, 'b': 4.709612591201319, 'c': 4.709612591201319, 'alpha': 60.00000000000001, 'beta': 60.00000000000001, 'gamma': 60.00000000000001, 'volume': 73.86531493784373}",7.377919077797716,0.0,NM,0.0001411,2.5,Hg1Te1
135,mp-19717,TePb,1.0581999999999994,2,225,cubic,2,"{'Te': 1.0, 'Pb': 1.0}",70.75839192630549,"{'matrix': [[0.0, 3.282837, 3.282837], [3.282837, 0.0, 3.282837], [3.282837, 3.282837, 0.0]], 'a': 4.642632608460204, 'b': 4.642632608460204, 'c': 4.642632608460204, 'alpha': 60.00000000000001, 'beta': 60.00000000000001, 'gamma': 60.00000000000001, 'volume': 70.75839192630549}",7.856997090559908,0.0,NM,0.0014838,2.5,Te1Pb1
136,mp-1201,Sb2Te3,0.16110000000000024,2,166,trigonal,5,"{'Sb': 2.0, 'Te': 3.0}",169.89340676713044,"{'matrix': [[10.52423, -2.166418, 0.0], [10.52423, 2.166418, 0.0], [10.078272, 0.0, 3.725752]], 'a': 10.744895720462996, 'b': 10.744895720462996, 'c': 10.744896205710319, 'alpha': 23.26376926217326, 'beta': 23.26376926217326, 'gamma': 23.263766244534768, 'volume': 169.89340676713044}",6.121655030547824,0.0,NM,0.000158,2.4,Sb2Te3
137,mp-1342,BaO,2.2561,2,225,cubic,2,"{'Ba': 1.0, 'O': 1.0}",44.25500294484119,"{'matrix': [[0.0, 2.807442, 2.807442], [2.807442, 0.0, 2.807442], [2.807442, 2.807442, 0.0]], 'a': 3.9703225519758467, 'b': 3.9703225519758467, 'c': 3.9703225519758467, 'alpha': 60.00000000000001, 'beta': 60.00000000000001, 'gamma': 60.00000000000001, 'volume': 44.25500294484119}",5.753123041444008,0.0,NM,0.0010415,2.3,Ba1O1
138,mp-19717,TePb,1.0581999999999994,2,225,cubic,2,"{'Te': 1.0, 'Pb': 1.0}",70.75839192630549,"{'matrix': [[0.0, 3.282837, 3.282837], [3.282837, 0.0, 3.282837], [3.282837, 3.282837, 0.0]], 'a': 4.642632608460204, 'b': 4.642632608460204, 'c': 4.642632608460204, 'alpha': 60.00000000000001, 'beta': 60.00000000000001, 'gamma': 60.00000000000001, 'volume': 70.75839192630549}",7.856997090559908,0.0,NM,0.0014838,2.3,Pb1Te1
139,mp-22903,RbI,3.9541000000000004,2,225,cubic,2,"{'Rb': 1.0, 'I': 1.0}",104.95708590502805,"{'matrix': [[0.0, 3.743926, 3.743926], [3.743926, 0.0, 3.743926], [3.743926, 3.743926, 0.0]], 'a': 5.294710925721252, 'b': 5.294710925721252, 'c': 5.294710925721252, 'alpha': 59.99999999999999, 'beta': 59.99999999999999, 'gamma': 59.99999999999999, 'volume': 104.95708590502805}",3.3599680093693327,0.0,NM,0.0,2.3,Rb1I1
140,mp-11718,RbF,5.6523,2,225,cubic,2,"{'Rb': 1.0, 'F': 1.0}",47.25312346503708,"{'matrix': [[0.0, 2.86946, 2.86946], [2.86946, 0.0, 2.86946], [2.86946, 2.86946, 0.0]], 'a': 4.0580292486871015, 'b': 4.0580292486871015, 'c': 4.0580292486871015, 'alpha': 60.00000000000001, 'beta': 60.00000000000001, 'gamma': 60.00000000000001, 'volume': 47.25312346503708}",3.6710845512958685,0.0,NM,2.5e-06,2.27,Rb1F1
141,mp-3839,GaCuTe2,0.5549,3,122,tetragonal,8,"{'Ga': 2.0, 'Cu': 2.0, 'Te': 4.0}",225.14192457353113,"{'matrix': [[-3.04353, 3.04353, 6.076328], [3.04353, -3.04353, 6.076328], [3.04353, 3.04353, -6.076328]], 'a': 7.44633545345521, 'b': 7.44633545345521, 'c': 7.44633545345521, 'alpha': 131.75001960434076, 'beta': 131.75001960434076, 'gamma': 70.62413143379234, 'volume': 225.14192457353113}",5.730322789813026,0.0,NM,3.79e-05,2.2,Ga2Cu2Te4
142,mp-2201,PbSe,0.9081000000000001,2,225,cubic,2,"{'Pb': 1.0, 'Se': 1.0}",60.253710492428276,"{'matrix': [[0.0, 3.111606, 3.111606], [3.111606, 0.0, 3.111606], [3.111606, 3.111606, 0.0]], 'a': 4.400475405961497, 'b': 4.400475405961497, 'c': 4.400475405961497, 'alpha': 60.00000000000001, 'beta': 60.00000000000001, 'gamma': 60.00000000000001, 'volume': 60.253710492428276}",7.886316965624365,0.0,NM,0.0018509,2.0,Pb1Se1
143,mp-1227290,BiSb,0.10559999999999992,2,160,trigonal,2,"{'Bi': 1.0, 'Sb': 1.0}",69.16578082806613,"{'matrix': [[4.153508, -2.249653, 0.0], [4.153508, 2.249653, 0.0], [2.935035, 0.0, 3.701099]], 'a': 4.72361803350705, 'b': 4.72361803350705, 'c': 4.723617708814506, 'alpha': 56.882356067882505, 'beta': 56.882356067882505, 'gamma': 56.88236252193877, 'volume': 69.16578082806613}",7.940448998445383,0.0,NM,0.0006589,2.0,Bi1Sb1
144,mp-23259,LiBr,5.09,2,225,cubic,2,"{'Li': 1.0, 'Br': 1.0}",41.89914213893865,"{'matrix': [[0.0, 2.756714, 2.756714], [2.756714, 0.0, 2.756714], [2.756714, 2.756714, 0.0]], 'a': 3.898582326383784, 'b': 3.898582326383784, 'c': 3.898582326383784, 'alpha': 59.99999999999999, 'beta': 59.99999999999999, 'gamma': 59.99999999999999, 'volume': 41.89914213893865}",3.4418250082704427,0.02550276000000018,NM,0.0004327,1.83,Li1Br1
145,mp-23268,NaI,3.5692000000000004,2,225,cubic,2,"{'Na': 1.0, 'I': 1.0}",69.6751221910064,"{'matrix': [[0.0, 3.265998, 3.265998], [3.265998, 0.0, 3.265998], [3.265998, 3.265998, 0.0]], 'a': 4.618818666283404, 'b': 4.618818666283404, 'c': 4.618818666283404, 'alpha': 60.00000000000001, 'beta': 60.00000000000001, 'gamma': 60.00000000000001, 'volume': 69.6751221910064}",3.5723689080929475,0.0,NM,0.0003867,1.8,Na1I1
146,mp-2597,InTe,0.0,2,225,cubic,2,"{'In': 1.0, 'Te': 1.0}",62.04396451824765,"{'matrix': [[0.0, 3.142123, 3.142123], [3.142123, 0.0, 3.142123], [3.142123, 3.142123, 0.0]], 'a': 4.443632961244437, 'b': 4.443632961244437, 'c': 4.443632961244437, 'alpha': 60.00000000000001, 'beta': 60.00000000000001, 'gamma': 60.00000000000001, 'volume': 62.04396451824765}",6.488053472608879,0.0,NM,0.0001824,1.7,In1Te1
147,mp-1096937,CuI,0.0,2,225,cubic,2,"{'Cu': 1.0, 'I': 1.0}",46.889910009516825,"{'matrix': [[0.0, 2.862089, 2.862089], [2.862089, 0.0, 2.862089], [2.862089, 2.862089, 0.0]], 'a': 4.047605080518849, 'b': 4.047605080518849, 'c': 4.047605080518849, 'alpha': 60.00000000000001, 'beta': 60.00000000000001, 'gamma': 60.00000000000001, 'volume': 46.889910009516825}",6.744530872913697,0.23810210250000052,NM,0.000364,1.68,Cu1I1
148,mp-34202,Bi2Te3,0.3861000000000008,2,166,trigonal,5,"{'Bi': 2.0, 'Te': 3.0}",178.03283666976503,"{'matrix': [[10.462767, -2.224745, 0.0], [10.462767, 2.224745, 0.0], [9.989709, 0.0, 3.824224]], 'a': 10.696680962397354, 'b': 10.696680962397354, 'c': 10.696680564869505, 'alpha': 24.00854422933675, 'beta': 24.00854422933675, 'gamma': 24.00854246677768, 'volume': 178.03283666976503}",7.468816518765769,0.0,NM,0.0162275,1.6,Bi2Te3
149,mp-1883,SnTe,0.6623999999999999,2,225,cubic,2,"{'Sn': 1.0, 'Te': 1.0}",66.06685541129963,"{'matrix': [[0.0, 3.208617, 3.208617], [3.208617, 0.0, 3.208617], [3.208617, 3.208617, 0.0]], 'a': 4.5376696778608725, 'b': 4.5376696778608725, 'c': 4.5376696778608725, 'alpha': 60.00000000000001, 'beta': 60.00000000000001, 'gamma': 60.00000000000001, 'volume': 66.06685541129963}",6.19081042904143,0.0,NM,0.0,1.5,Sn1Te1
150,mp-1321,CdSb,0.053199999999999914,2,61,orthorhombic,16,"{'Cd': 8.0, 'Sb': 8.0}",486.49864665154104,"{'matrix': [[6.599659, 0.0, 0.0], [0.0, 8.426983, 0.0], [0.0, 0.0, 8.747582]], 'a': 6.599659, 'b': 8.426983, 'c': 8.747582, 'alpha': 90.0, 'beta': 90.0, 'gamma': 90.0, 'volume': 486.49864665154104}",6.394263933783247,0.0,NM,8.99375e-05,1.5,Cd8Sb8
151,mp-5342,GaAgS2,0.9622000000000002,3,122,tetragonal,8,"{'Ga': 2.0, 'Ag': 2.0, 'S': 4.0}",177.6853322767803,"{'matrix': [[-2.893336, 2.893336, 5.306325], [2.893336, -2.893336, 5.306325], [2.893336, 2.893336, -5.306325]], 'a': 6.7007366328947, 'b': 6.7007366328947, 'c': 6.7007366328947, 'alpha': 128.83710378181667, 'beta': 128.83710378181667, 'gamma': 75.27282218026166, 'volume': 177.6853322767803}",4.517958693407411,0.0,NM,3.955e-05,1.45,Ag2Ga2S4
152,mp-541837,Bi2Se3,0.5434000000000001,2,166,trigonal,5,"{'Bi': 2.0, 'Se': 3.0}",154.10680097779445,"{'matrix': [[10.208949, -2.094883, 0.0], [10.208949, 2.094883, 0.0], [9.779078, 0.0, 3.60289]], 'a': 10.421668506927766, 'b': 10.421668506927766, 'c': 10.421668910600836, 'alpha': 23.192317655261373, 'beta': 23.192317655261373, 'gamma': 23.1923173888751, 'volume': 154.10680097779445}",7.056072307673697,0.0,NM,0.0031875,1.34,Bi2Se3
153,mp-862947,Ba2BiAu,0.4254000000000002,3,225,cubic,4,"{'Ba': 2.0, 'Bi': 1.0, 'Au': 1.0}",149.43683270065978,"{'matrix': [[0.0, 4.211879, 4.211879], [4.211879, 0.0, 4.211879], [4.211879, 4.211879, 0.0]], 'a': 5.956496404874429, 'b': 5.956496404874429, 'c': 5.956496404874429, 'alpha': 59.99999999999999, 'beta': 59.99999999999999, 'gamma': 59.99999999999999, 'volume': 149.43683270065978}",7.562824220546571,0.0,NM,6.8e-06,1.3,Ba2Au1Bi1
154,mp-22913,CuBr,0.48709999999999987,2,216,cubic,2,"{'Cu': 1.0, 'Br': 1.0}",46.274276519056215,"{'matrix': [[0.0, 2.849508, 2.849508], [2.849508, 0.0, 2.849508], [2.849508, 2.849508, 0.0]], 'a': 4.029812859690634, 'b': 4.029812859690634, 'c': 4.029812859690634, 'alpha': 60.00000000000001, 'beta': 60.00000000000001, 'gamma': 60.00000000000001, 'volume': 46.274276519056215}",5.147661876586553,0.0,NM,0.0002619,1.25,Cu1Br1
155,mp-971669,FeSb3,0.0,2,204,cubic,16,"{'Fe': 4.0, 'Sb': 12.0}",386.59697751626203,"{'matrix': [[-4.589156, 4.589156, 4.589156], [4.589156, -4.589156, 4.589156], [4.589156, 4.589156, -4.589156]], 'a': 7.948651355859559, 'b': 7.948651355859559, 'c': 7.948651355859559, 'alpha': 109.47122063449069, 'beta': 109.47122063449069, 'gamma': 109.47122063449069, 'volume': 386.59697751626203}",7.235385221215388,0.0,FM,0.98934555,1.14,Fe4Sb12
156,mp-866291,AgBr,1.1708,2,216,cubic,2,"{'Ag': 1.0, 'Br': 1.0}",63.40043985927066,"{'matrix': [[0.0, 3.164857, 3.164857], [3.164857, 0.0, 3.164857], [3.164857, 3.164857, 0.0]], 'a': 4.475783692371427, 'b': 4.475783692371427, 'c': 4.475783692371427, 'alpha': 60.00000000000001, 'beta': 60.00000000000001, 'gamma': 60.00000000000001, 'volume': 63.40043985927066}",4.917995433683658,0.0,NM,0.0,1.1,Ag1Br1
157,mp-614603,CsI,3.8556,2,225,cubic,2,"{'Cs': 1.0, 'I': 1.0}",121.35883085961832,"{'matrix': [[0.0, 3.929589, 3.929589], [3.929589, 0.0, 3.929589], [3.929589, 3.929589, 0.0]], 'a': 5.557278058352128, 'b': 5.557278058352128, 'c': 5.557278058352128, 'alpha': 59.99999999999999, 'beta': 59.99999999999999, 'gamma': 59.99999999999999, 'volume': 121.35883085961832}",3.554949583391213,0.0,NM,7.7e-06,1.1,Cs1I1
158,mp-22922,AgCl,1.2003,2,225,cubic,2,"{'Ag': 1.0, 'Cl': 1.0}",44.4328633677782,"{'matrix': [[0.0, 2.811198, 2.811198], [2.811198, 0.0, 2.811198], [2.811198, 2.811198, 0.0]], 'a': 3.9756343381161203, 'b': 3.9756343381161203, 'c': 3.9756343381161203, 'alpha': 60.00000000000001, 'beta': 60.00000000000001, 'gamma': 60.00000000000001, 'volume': 44.4328633677782}",5.356180845292489,0.0,NM,0.0001499,1.0,Ag1Cl1
159,mp-573697,CsCl,5.0172,2,225,cubic,2,"{'Cs': 1.0, 'Cl': 1.0}",88.04926423740011,"{'matrix': [[0.0, 3.531007, 3.531007], [3.531007, 0.0, 3.531007], [3.531007, 3.531007, 0.0]], 'a': 4.993597988234335, 'b': 4.993597988234335, 'c': 4.993597988234335, 'alpha': 59.99999999999999, 'beta': 59.99999999999999, 'gamma': 59.99999999999999, 'volume': 88.04926423740011}",3.1751064474369297,0.0,NM,0.0003245,1.0,Cs1Cl1
160,mp-571222,CsBr,4.4247,2,225,cubic,2,"{'Cs': 1.0, 'Br': 1.0}",101.39218929121083,"{'matrix': [[0.0, 3.701049, 3.701049], [3.701049, 0.0, 3.701049], [3.701049, 3.701049, 0.0]], 'a': 5.234073690807381, 'b': 5.234073690807381, 'c': 5.234073690807381, 'alpha': 60.00000000000001, 'beta': 60.00000000000001, 'gamma': 60.00000000000001, 'volume': 101.39218929121083}",3.485262633068681,0.0,NM,0.0,0.94,Cs1Br1
161,mp-22914,CuCl,0.8018000000000005,2,216,cubic,2,"{'Cu': 1.0, 'Cl': 1.0}",39.467388759312584,"{'matrix': [[0.0, 2.702316, 2.702316], [2.702316, 0.0, 2.702316], [2.702316, 2.702316, 0.0]], 'a': 3.821651937017813, 'b': 3.821651937017813, 'c': 3.821651937017813, 'alpha': 60.00000000000001, 'beta': 60.00000000000001, 'gamma': 60.00000000000001, 'volume': 39.467388759312584}",4.165254206627594,0.0022879324999989237,NM,0.00028,0.84,Cu1Cl1
162,mp-23262,Bi2O3,2.2487999999999992,2,14,monoclinic,20,"{'Bi': 8.0, 'O': 12.0}",341.5958974248394,"{'matrix': [[8.276447, 0.0, 0.0], [0.0, 5.933349, 0.0], [0.0, 2.877331, 6.956148]], 'a': 8.276447, 'b': 5.933349, 'c': 7.527750572479471, 'alpha': 67.52812650510226, 'beta': 90.0, 'gamma': 90.0, 'volume': 341.5958974248394}",9.060332735455225,0.0,NM,3.75e-07,0.8,Bi4O6
163,mp-647164,Cu12Sb4S13,0.0,3,217,cubic,29,"{'Cu': 12.0, 'Sb': 4.0, 'S': 13.0}",554.4907086142858,"{'matrix': [[-5.17541, 5.17541, 5.17541], [5.17541, -5.17541, 5.17541], [5.17541, 5.17541, -5.17541]], 'a': 8.964073070000044, 'b': 8.964073070000044, 'c': 8.964073070000044, 'alpha': 109.47122063449069, 'beta': 109.47122063449069, 'gamma': 109.47122063449069, 'volume': 554.4907086142858}",4.990496139138391,0.0,FM,0.9897546,0.7,Cu12Sb4S13
164,mp-2693,SnSe,0.8203000000000005,2,225,cubic,2,"{'Sn': 1.0, 'Se': 1.0}",55.78456531722823,"{'matrix': [[0.0, 3.03269, 3.03269], [3.03269, 0.0, 3.03269], [3.03269, 3.03269, 0.0]], 'a': 4.288871328473262, 'b': 4.288871328473262, 'c': 4.288871328473262, 'alpha': 60.00000000000001, 'beta': 60.00000000000001, 'gamma': 60.00000000000001, 'volume': 55.78456531722823}",5.884042573931294,0.0026318937500002804,NM,0.0018593,0.62,Sn1Se1
165,mp-2136,Sb2O3,2.2308000000000003,2,56,orthorhombic,20,"{'Sb': 8.0, 'O': 12.0}",361.53167005083327,"{'matrix': [[5.192915, 0.0, 0.0], [0.0, 5.515491, 0.0], [0.0, 0.0, 12.622662]], 'a': 5.192915, 'b': 5.515491, 'c': 12.622662, 'alpha': 90.0, 'beta': 90.0, 'gamma': 90.0, 'volume': 361.53167005083327}",5.355850121311344,0.0,NM,0.00016235,0.4,Sb4O6
166,mp-27381,CsSnI3,2.0701,3,62,orthorhombic,20,"{'Cs': 4.0, 'Sn': 4.0, 'I': 12.0}",944.0164042171971,"{'matrix': [[4.83229, 0.0, 0.0], [0.0, 10.765026, 0.0], [0.0, 0.0, 18.147277]], 'a': 4.83229, 'b': 10.765026, 'c': 18.147277, 'alpha': 90.0, 'beta': 90.0, 'gamma': 90.0, 'volume': 944.0164042171971}",4.449103949605024,0.0032493384999998653,NM,0.000319825,0.38,Cs4Sn4I12
167,mp-22893,PbI2,2.3703,2,164,trigonal,3,"{'Pb': 1.0, 'I': 2.0}",142.89371196996424,"{'matrix': [[2.34471, -4.061157, 0.0], [2.34471, 4.061157, 0.0], [0.0, 0.0, 7.50316]], 'a': 4.689420130757, 'b': 4.689420130757, 'c': 7.50316, 'alpha': 90.0, 'beta': 90.0, 'gamma': 120.0000018447512, 'volume': 142.89371196996424}",5.357292104517277,0.0009393424999992739,NM,0.001252,0.315,Pb1I2
168,mp-1239,Sb3Ir,0.5268999999999995,2,204,cubic,16,"{'Sb': 12.0, 'Ir': 4.0}",414.57854850872246,"{'matrix': [[-4.697307, 4.697307, 4.697307], [4.697307, -4.697307, 4.697307], [4.697307, 4.697307, -4.697307]], 'a': 8.135974382748941, 'b': 8.135974382748941, 'c': 8.135974382748941, 'alpha': 109.47122063449069, 'beta': 109.47122063449069, 'gamma': 109.47122063449069, 'volume': 414.57854850872246}",8.931919428463367,0.0,NM,9.275e-06,0.12,Ir4Sb12
169,mp-1459,TaN,0.0,2,187,hexagonal,2,"{'Ta': 1.0, 'N': 1.0}",21.927183971656174,"{'matrix': [[1.47702, -2.558274, 0.0], [1.47702, 2.558274, 0.0], [0.0, 0.0, 2.901479]], 'a': 2.954040273841235, 'b': 2.954040273841235, 'c': 2.901479, 'alpha': 90.0, 'beta': 90.0, 'gamma': 120.00000613302066, 'volume': 21.927183971656174}",14.763851879979619,0.027610303333343467,NM,3.12e-05,995.0,Ta1N1
