,MagpieData minimum Number,MagpieData minimum MendeleevNumber,MagpieData minimum AtomicWeight,MagpieData minimum MeltingT,MagpieData minimum Column,MagpieData minimum Row,MagpieData minimum CovalentRadius,MagpieData minimum Electronegativity,MagpieData minimum NsValence,MagpieData minimum NpValence,MagpieData minimum NdValence,MagpieData minimum NfValence,MagpieData minimum NValence,MagpieData minimum NsUnfilled,MagpieData minimum NpUnfilled,MagpieData minimum NUnfilled,MagpieData minimum GSvolume_pa,MagpieData minimum GSbandgap,MagpieData minimum SpaceGroupNumber,MagpieData maximum Number,MagpieData maximum MendeleevNumber,MagpieData maximum AtomicWeight,MagpieData maximum MeltingT,MagpieData maximum Column,MagpieData maximum Row,MagpieData maximum CovalentRadius,MagpieData maximum Electronegativity,MagpieData maximum NsValence,MagpieData maximum NpValence,MagpieData maximum NdValence,MagpieData maximum NfValence,MagpieData maximum NValence,MagpieData maximum NsUnfilled,MagpieData maximum NpUnfilled,MagpieData maximum NdUnfilled,MagpieData maximum NfUnfilled,MagpieData maximum NUnfilled,MagpieData maximum GSvolume_pa,MagpieData maximum GSbandgap,MagpieData maximum SpaceGroupNumber,MagpieData mean Number,MagpieData mean MendeleevNumber,MagpieData mean AtomicWeight,MagpieData mean MeltingT,MagpieData mean Column,MagpieData mean Row,MagpieData mean CovalentRadius,MagpieData mean Electronegativity,MagpieData mean NsValence,MagpieData mean NpValence,MagpieData mean NdValence,MagpieData mean NfValence,MagpieData mean NValence,MagpieData mean NsUnfilled,MagpieData mean NpUnfilled,MagpieData mean NdUnfilled,MagpieData mean NfUnfilled,MagpieData mean NUnfilled,MagpieData mean GSvolume_pa,MagpieData mean GSbandgap,MagpieData mean SpaceGroupNumber,space group,density,nsites,vpa
0,6.0,77.0,12.0107,3823.0,14.0,2.0,76.0,2.55,2.0,2.0,0.0,0.0,4.0,0.0,4.0,4.0,5.64,4.496,194.0,6.0,77.0,12.0107,3823.0,14.0,2.0,76.0,2.55,2.0,2.0,0.0,0.0,4.0,0.0,4.0,0.0,0.0,4.0,5.64,4.496,194.0,6.0,77.0,12.0107,3823.0,14.0,2.0,76.0,2.55,2.0,2.0,0.0,0.0,4.0,0.0,4.0,0.0,0.0,4.0,5.64,4.496,194.0,194,3.492429288069796,8,5.710705907587736
1,6.0,77.0,12.0107,3823.0,14.0,2.0,76.0,2.55,2.0,2.0,0.0,0.0,4.0,0.0,4.0,4.0,5.64,4.496,194.0,6.0,77.0,12.0107,3823.0,14.0,2.0,76.0,2.55,2.0,2.0,0.0,0.0,4.0,0.0,4.0,0.0,0.0,4.0,5.64,4.496,194.0,6.0,77.0,12.0107,3823.0,14.0,2.0,76.0,2.55,2.0,2.0,0.0,0.0,4.0,0.0,4.0,0.0,0.0,4.0,5.64,4.496,194.0,227,3.4958233725910053,2,5.705161400196977
2,6.0,77.0,12.0107,3823.0,14.0,2.0,76.0,2.55,2.0,2.0,0.0,0.0,4.0,0.0,4.0,4.0,5.64,4.496,194.0,6.0,77.0,12.0107,3823.0,14.0,2.0,76.0,2.55,2.0,2.0,0.0,0.0,4.0,0.0,4.0,0.0,0.0,4.0,5.64,4.496,194.0,6.0,77.0,12.0107,3823.0,14.0,2.0,76.0,2.55,2.0,2.0,0.0,0.0,4.0,0.0,4.0,0.0,0.0,4.0,5.64,4.496,194.0,194,3.4948420856278513,16,5.706763303907513
3,6.0,77.0,12.0107,3823.0,14.0,2.0,76.0,2.55,2.0,2.0,0.0,0.0,4.0,0.0,4.0,4.0,5.64,4.496,194.0,6.0,77.0,12.0107,3823.0,14.0,2.0,76.0,2.55,2.0,2.0,0.0,0.0,4.0,0.0,4.0,0.0,0.0,4.0,5.64,4.496,194.0,6.0,77.0,12.0107,3823.0,14.0,2.0,76.0,2.55,2.0,2.0,0.0,0.0,4.0,0.0,4.0,0.0,0.0,4.0,5.64,4.496,194.0,194,1.7417339509645842,4,11.450793937941764
4,5.0,72.0,10.811,63.05,13.0,2.0,71.0,2.04,2.0,1.0,0.0,0.0,3.0,0.0,3.0,3.0,7.1725,1.524,166.0,7.0,82.0,14.0067,2348.0,15.0,2.0,84.0,3.04,2.0,3.0,0.0,0.0,5.0,0.0,5.0,0.0,0.0,5.0,14.76875,6.437,194.0,6.0,77.0,12.408850000000001,1205.525,14.0,2.0,77.5,2.54,2.0,2.0,0.0,0.0,4.0,0.0,4.0,0.0,0.0,4.0,10.970625,3.9805,180.0,216,3.4576935621325986,2,5.95928465791244
5,6.0,77.0,12.0107,3823.0,14.0,2.0,76.0,2.55,2.0,2.0,0.0,0.0,4.0,0.0,4.0,4.0,5.64,4.496,194.0,6.0,77.0,12.0107,3823.0,14.0,2.0,76.0,2.55,2.0,2.0,0.0,0.0,4.0,0.0,4.0,0.0,0.0,4.0,5.64,4.496,194.0,6.0,77.0,12.0107,3823.0,14.0,2.0,76.0,2.55,2.0,2.0,0.0,0.0,4.0,0.0,4.0,0.0,0.0,4.0,5.64,4.496,194.0,194,3.4882486627781524,4,5.71755012193666
6,5.0,72.0,10.811,63.05,13.0,2.0,71.0,2.04,2.0,1.0,0.0,0.0,3.0,0.0,3.0,3.0,5.64,1.524,166.0,7.0,82.0,14.0067,3823.0,15.0,2.0,84.0,3.04,2.0,3.0,0.0,0.0,5.0,0.0,5.0,0.0,0.0,5.0,14.76875,6.437,194.0,6.0,77.0,12.209775,2514.2625,14.0,2.0,76.75,2.545,2.0,2.0,0.0,0.0,4.0,0.0,4.0,0.0,0.0,4.0,8.3053125,4.238250000000001,187.0,25,3.4185472189424697,4,5.93082589865997
7,5.0,72.0,10.811,63.05,13.0,2.0,71.0,2.04,2.0,1.0,0.0,0.0,3.0,0.0,3.0,3.0,5.64,1.524,166.0,7.0,82.0,14.0067,3823.0,15.0,2.0,84.0,3.04,2.0,3.0,0.0,0.0,5.0,0.0,5.0,0.0,0.0,5.0,14.76875,6.437,194.0,6.0,77.0,12.209775,2514.2625,14.0,2.0,76.75,2.545,2.0,2.0,0.0,0.0,4.0,0.0,4.0,0.0,0.0,4.0,8.3053125,4.238250000000001,187.0,25,3.4185472189424697,4,5.93082589865997
8,5.0,72.0,10.811,1090.0,13.0,2.0,84.0,2.04,2.0,1.0,0.0,0.0,3.0,0.0,3.0,3.0,7.1725,0.0,166.0,33.0,84.0,74.9216,2348.0,15.0,4.0,119.0,2.18,2.0,3.0,10.0,0.0,15.0,0.0,5.0,0.0,0.0,5.0,22.175,1.524,166.0,19.0,78.0,42.866299999999995,1719.0,14.0,3.0,101.5,2.1100000000000003,2.0,2.0,5.0,0.0,9.0,0.0,4.0,0.0,0.0,4.0,14.67375,0.762,166.0,216,5.087631340714321,2,13.991022741950774
9,6.0,77.0,12.0107,3823.0,14.0,2.0,76.0,2.55,2.0,2.0,0.0,0.0,4.0,0.0,4.0,4.0,5.64,4.496,194.0,6.0,77.0,12.0107,3823.0,14.0,2.0,76.0,2.55,2.0,2.0,0.0,0.0,4.0,0.0,4.0,0.0,0.0,4.0,5.64,4.496,194.0,6.0,77.0,12.0107,3823.0,14.0,2.0,76.0,2.55,2.0,2.0,0.0,0.0,4.0,0.0,4.0,0.0,0.0,4.0,5.64,4.496,194.0,229,2.751045879921811,8,7.2496924579750965
10,5.0,72.0,10.811,63.05,13.0,2.0,71.0,2.04,2.0,1.0,0.0,0.0,3.0,0.0,3.0,3.0,7.1725,1.524,166.0,7.0,82.0,14.0067,2348.0,15.0,2.0,84.0,3.04,2.0,3.0,0.0,0.0,5.0,0.0,5.0,0.0,0.0,5.0,14.76875,6.437,194.0,6.0,77.0,12.408850000000001,1205.525,14.0,2.0,77.5,2.54,2.0,2.0,0.0,0.0,4.0,0.0,4.0,0.0,0.0,4.0,10.970625,3.9805,180.0,194,1.956240948754851,4,10.533150433076637
11,5.0,72.0,10.811,1090.0,13.0,2.0,84.0,2.04,2.0,1.0,0.0,0.0,3.0,0.0,3.0,3.0,7.1725,0.0,166.0,33.0,84.0,74.9216,2348.0,15.0,4.0,119.0,2.18,2.0,3.0,10.0,0.0,15.0,0.0,5.0,0.0,0.0,5.0,22.175,1.524,166.0,19.0,78.0,42.866299999999995,1719.0,14.0,3.0,101.5,2.1100000000000003,2.0,2.0,5.0,0.0,9.0,0.0,4.0,0.0,0.0,4.0,14.67375,0.762,166.0,186,5.097157656422205,4,13.96487426691821
12,5.0,72.0,10.811,63.05,13.0,2.0,71.0,2.04,2.0,1.0,0.0,0.0,3.0,0.0,3.0,3.0,5.64,1.524,166.0,7.0,82.0,14.0067,3823.0,15.0,2.0,84.0,3.04,2.0,3.0,0.0,0.0,5.0,0.0,5.0,0.0,0.0,5.0,14.76875,6.437,194.0,6.0,77.0,12.209775,2514.2625,14.0,2.0,76.75,2.545,2.0,2.0,0.0,0.0,4.0,0.0,4.0,0.0,0.0,4.0,8.3053125,4.238250000000001,187.0,115,3.344251290701053,4,6.062585200541501
13,6.0,77.0,12.0107,1687.0,14.0,2.0,76.0,1.9,2.0,2.0,0.0,0.0,4.0,0.0,4.0,4.0,5.64,0.773,194.0,14.0,78.0,28.0855,3823.0,14.0,3.0,111.0,2.55,2.0,2.0,0.0,0.0,4.0,0.0,4.0,0.0,0.0,4.0,20.44,4.496,227.0,10.0,77.5,20.048099999999998,2755.0,14.0,2.5,93.5,2.2249999999999996,2.0,2.0,0.0,0.0,4.0,0.0,4.0,0.0,0.0,4.0,13.040000000000001,2.6345,210.5,186,3.1719295569534,8,10.495394889248022
14,5.0,72.0,10.811,317.3,13.0,2.0,84.0,2.04,2.0,1.0,0.0,0.0,3.0,0.0,3.0,3.0,7.1725,1.524,2.0,15.0,83.0,30.973762,2348.0,15.0,3.0,107.0,2.19,2.0,3.0,0.0,0.0,5.0,0.0,5.0,0.0,0.0,5.0,22.5702380952,1.625,166.0,10.0,77.5,20.892381,1332.65,14.0,2.5,95.5,2.115,2.0,2.0,0.0,0.0,4.0,0.0,4.0,0.0,0.0,4.0,14.8713690476,1.5745,84.0,216,2.9526018183160376,2,11.749845383681931
15,4.0,67.0,9.012182,54.8,2.0,2.0,66.0,1.57,2.0,0.0,0.0,0.0,2.0,0.0,0.0,0.0,7.89,0.0,12.0,8.0,87.0,15.9994,1560.0,16.0,2.0,96.0,3.44,2.0,4.0,0.0,0.0,6.0,0.0,2.0,0.0,0.0,2.0,9.105,0.0,194.0,6.0,77.0,12.505790999999999,807.4,9.0,2.0,81.0,2.505,2.0,2.0,0.0,0.0,4.0,0.0,1.0,0.0,0.0,1.0,8.4975,0.0,103.0,186,2.9674987632823218,4,6.997931986082857
16,6.0,77.0,12.0107,1687.0,14.0,2.0,76.0,1.9,2.0,2.0,0.0,0.0,4.0,0.0,4.0,4.0,5.64,0.773,194.0,14.0,78.0,28.0855,3823.0,14.0,3.0,111.0,2.55,2.0,2.0,0.0,0.0,4.0,0.0,4.0,0.0,0.0,4.0,20.44,4.496,227.0,10.0,77.5,20.048099999999998,2755.0,14.0,2.5,93.5,2.2249999999999996,2.0,2.0,0.0,0.0,4.0,0.0,4.0,0.0,0.0,4.0,13.040000000000001,2.6345,210.5,216,3.1704496658459114,2,10.50029389197735
17,4.0,67.0,9.012182,63.05,2.0,2.0,71.0,1.57,2.0,0.0,0.0,0.0,2.0,0.0,0.0,0.0,5.64,0.0,194.0,7.0,82.0,14.0067,3823.0,15.0,2.0,96.0,3.04,2.0,3.0,0.0,0.0,5.0,0.0,4.0,0.0,0.0,4.0,14.76875,6.437,194.0,6.0,77.0,12.2590705,1377.275,11.5,2.0,78.5,2.55,2.0,2.0,0.0,0.0,4.0,0.0,2.5,0.0,0.0,2.5,10.766875,4.3425,194.0,122,3.2913397139121083,8,6.184917770538345
18,7.0,73.0,14.0067,63.05,13.0,2.0,71.0,1.61,2.0,1.0,0.0,0.0,3.0,0.0,3.0,3.0,14.76875,0.0,194.0,13.0,82.0,26.9815386,933.47,15.0,3.0,121.0,3.04,2.0,3.0,0.0,0.0,5.0,0.0,5.0,0.0,0.0,5.0,16.48,6.437,225.0,10.0,77.5,20.4941193,498.26,14.0,2.5,96.0,2.325,2.0,2.0,0.0,0.0,4.0,0.0,4.0,0.0,0.0,4.0,15.624375,3.2185,209.5,186,3.200889713142437,4,10.631820769545108
19,5.0,72.0,10.811,54.8,13.0,2.0,66.0,2.04,2.0,1.0,0.0,0.0,3.0,0.0,2.0,2.0,7.1725,0.0,12.0,8.0,87.0,15.9994,2348.0,16.0,2.0,84.0,3.44,2.0,4.0,0.0,0.0,6.0,0.0,5.0,0.0,0.0,5.0,9.105,1.524,166.0,5.428571428571429,74.14285714285714,11.5522,2020.3999999999999,13.428571428571429,2.0,81.42857142857143,2.2399999999999998,2.0,1.4285714285714286,0.0,0.0,3.4285714285714284,0.0,4.571428571428571,0.0,0.0,4.571428571428571,7.448571428571428,1.3062857142857143,144.0,166,2.5960681020138114,14,7.389205002093763
20,6.0,77.0,12.0107,1211.4,14.0,2.0,76.0,2.01,2.0,2.0,0.0,0.0,4.0,0.0,4.0,4.0,5.64,0.383,194.0,32.0,79.0,72.64,3823.0,14.0,4.0,120.0,2.55,2.0,2.0,10.0,0.0,14.0,0.0,4.0,0.0,0.0,4.0,23.005,4.496,225.0,19.0,78.0,42.32535,2517.2,14.0,3.0,98.0,2.28,2.0,2.0,5.0,0.0,9.0,0.0,4.0,0.0,0.0,4.0,14.3225,2.4395000000000002,209.5,216,5.760897100254253,2,12.199991765070134
21,6.0,77.0,12.0107,63.05,14.0,2.0,71.0,2.55,2.0,2.0,0.0,0.0,4.0,0.0,3.0,3.0,5.64,4.496,194.0,7.0,82.0,14.0067,3823.0,15.0,2.0,76.0,3.04,2.0,3.0,0.0,0.0,5.0,0.0,4.0,0.0,0.0,4.0,14.76875,6.437,194.0,6.571428571428571,79.85714285714286,13.151271428571429,1674.457142857143,14.571428571428571,2.0,73.14285714285714,2.8299999999999996,2.0,2.5714285714285716,0.0,0.0,4.571428571428571,0.0,3.4285714285714284,0.0,0.0,3.4285714285714284,10.856428571428571,5.605142857142858,194.0,215,3.700882616921342,7,5.900808602454355
22,7.0,73.0,14.0067,63.05,13.0,2.0,71.0,1.61,2.0,1.0,0.0,0.0,3.0,0.0,3.0,3.0,14.76875,0.0,194.0,13.0,82.0,26.9815386,933.47,15.0,3.0,121.0,3.04,2.0,3.0,0.0,0.0,5.0,0.0,5.0,0.0,0.0,5.0,16.48,6.437,225.0,10.0,77.5,20.4941193,498.26,14.0,2.5,96.0,2.325,2.0,2.0,0.0,0.0,4.0,0.0,4.0,0.0,0.0,4.0,15.624375,3.2185,209.5,216,3.1928815143875897,2,10.658486880850765
23,6.0,77.0,12.0107,63.05,14.0,2.0,71.0,2.55,2.0,2.0,0.0,0.0,4.0,0.0,3.0,3.0,5.64,4.496,194.0,7.0,82.0,14.0067,3823.0,15.0,2.0,76.0,3.04,2.0,3.0,0.0,0.0,5.0,0.0,4.0,0.0,0.0,4.0,14.76875,6.437,194.0,6.571428571428571,79.85714285714286,13.151271428571429,1674.457142857143,14.571428571428571,2.0,73.14285714285714,2.8299999999999996,2.0,2.5714285714285716,0.0,0.0,4.571428571428571,0.0,3.4285714285714284,0.0,0.0,3.4285714285714284,10.856428571428571,5.605142857142858,194.0,220,3.776863911212474,14,5.78209871893229
24,7.0,74.0,14.0067,63.05,13.0,2.0,71.0,1.81,2.0,1.0,0.0,0.0,5.0,0.0,3.0,3.0,14.76875,0.0,64.0,31.0,82.0,69.723,302.91,15.0,4.0,122.0,3.04,2.0,3.0,10.0,0.0,13.0,0.0,5.0,0.0,0.0,5.0,18.8575,6.437,194.0,19.0,78.0,41.86485,182.98000000000002,14.0,3.0,96.5,2.425,2.0,2.0,5.0,0.0,9.0,0.0,4.0,0.0,0.0,4.0,16.813125,3.2185,129.0,186,5.923650599411056,4,11.735705503842626
25,4.0,67.0,9.012182,388.36,2.0,2.0,96.0,1.57,2.0,0.0,0.0,0.0,2.0,0.0,0.0,0.0,7.89,0.0,70.0,16.0,88.0,32.065,1560.0,16.0,3.0,105.0,2.58,2.0,4.0,0.0,0.0,6.0,0.0,2.0,0.0,0.0,2.0,25.786875,2.202,194.0,10.0,77.5,20.538590999999997,974.1800000000001,9.0,2.5,100.5,2.075,2.0,2.0,0.0,0.0,4.0,0.0,1.0,0.0,0.0,1.0,16.838437499999998,1.101,132.0,216,2.3556684270702766,2,14.47790034306118
26,14.0,78.0,28.0855,1687.0,14.0,3.0,111.0,1.9,2.0,2.0,0.0,0.0,4.0,0.0,4.0,4.0,20.44,0.773,227.0,14.0,78.0,28.0855,1687.0,14.0,3.0,111.0,1.9,2.0,2.0,0.0,0.0,4.0,0.0,4.0,0.0,0.0,4.0,20.44,0.773,227.0,14.0,78.0,28.0855,1687.0,14.0,3.0,111.0,1.9,2.0,2.0,0.0,0.0,4.0,0.0,4.0,0.0,0.0,4.0,20.44,0.773,227.0,227,2.2811942835376744,2,20.444146424332416
27,7.0,75.0,14.0067,63.05,13.0,2.0,71.0,1.78,2.0,1.0,0.0,0.0,5.0,0.0,3.0,3.0,14.76875,0.0,139.0,49.0,82.0,114.818,429.75,15.0,5.0,142.0,3.04,2.0,3.0,10.0,0.0,13.0,0.0,5.0,0.0,0.0,5.0,24.26,6.437,194.0,28.0,78.5,64.41235,246.4,14.0,3.5,106.5,2.41,2.0,2.0,5.0,0.0,9.0,0.0,4.0,0.0,0.0,4.0,19.514375,3.2185,166.5,186,6.641890506103773,4,16.103731828794675
28,15.0,74.0,30.973762,302.91,13.0,3.0,107.0,1.81,2.0,1.0,0.0,0.0,5.0,0.0,3.0,3.0,18.8575,0.0,2.0,31.0,83.0,69.723,317.3,15.0,4.0,122.0,2.19,2.0,3.0,10.0,0.0,13.0,0.0,5.0,0.0,0.0,5.0,22.5702380952,1.625,64.0,23.0,78.5,50.348381,310.105,14.0,3.5,114.5,2.0,2.0,2.0,5.0,0.0,9.0,0.0,4.0,0.0,0.0,4.0,20.7138690476,0.8125,33.0,216,4.006314014532294,2,20.86842251688088
29,7.0,75.0,14.0067,63.05,13.0,2.0,71.0,1.78,2.0,1.0,0.0,0.0,5.0,0.0,3.0,3.0,14.76875,0.0,139.0,49.0,82.0,114.818,429.75,15.0,5.0,142.0,3.04,2.0,3.0,10.0,0.0,13.0,0.0,5.0,0.0,0.0,5.0,24.26,6.437,194.0,28.0,78.5,64.41235,246.4,14.0,3.5,106.5,2.41,2.0,2.0,5.0,0.0,9.0,0.0,4.0,0.0,0.0,4.0,19.514375,3.2185,166.5,186,6.641890506103773,4,16.103731828794675
30,4.0,67.0,9.012182,494.0,2.0,2.0,96.0,1.57,2.0,0.0,0.0,0.0,2.0,0.0,0.0,0.0,7.89,0.0,14.0,34.0,89.0,78.96,1560.0,16.0,4.0,120.0,2.55,2.0,4.0,10.0,0.0,16.0,0.0,2.0,0.0,0.0,2.0,25.92,0.799,194.0,19.0,78.0,43.986090999999995,1027.0,9.0,3.0,108.0,2.06,2.0,2.0,5.0,0.0,9.0,0.0,1.0,0.0,0.0,1.0,16.905,0.3995,104.0,216,4.194882439247549,2,17.411840152932676
31,4.0,67.0,9.012182,722.66,2.0,2.0,96.0,1.57,2.0,0.0,0.0,0.0,2.0,0.0,0.0,0.0,7.89,0.0,152.0,52.0,90.0,127.6,1560.0,16.0,5.0,138.0,2.1,2.0,4.0,10.0,0.0,16.0,0.0,2.0,0.0,0.0,2.0,34.7633333333,0.464,194.0,28.0,78.5,68.306091,1141.33,9.0,3.5,117.0,1.835,2.0,2.0,5.0,0.0,9.0,0.0,1.0,0.0,0.0,1.0,21.32666666665,0.232,173.0,216,4.985107253660792,2,22.752756725332546
32,16.0,50.0,32.065,388.36,6.0,3.0,105.0,2.16,1.0,0.0,0.0,0.0,6.0,0.0,0.0,2.0,15.69,0.0,70.0,42.0,88.0,95.96,2896.0,16.0,5.0,154.0,2.58,2.0,4.0,5.0,0.0,6.0,1.0,2.0,5.0,0.0,6.0,25.786875,2.202,229.0,24.666666666666668,75.33333333333333,53.36333333333332,1224.24,12.666666666666666,3.6666666666666665,121.33333333333333,2.44,1.6666666666666667,2.6666666666666665,1.6666666666666667,0.0,6.0,0.3333333333333333,1.3333333333333333,1.6666666666666667,0.0,3.3333333333333335,22.42125,1.468,123.0,194,4.053379365580824,6,21.858509029750795
33,16.0,74.0,32.065,302.91,13.0,3.0,105.0,1.81,2.0,1.0,0.0,0.0,6.0,0.0,2.0,2.0,18.8575,0.0,64.0,31.0,88.0,69.723,388.36,16.0,4.0,122.0,2.58,2.0,4.0,10.0,0.0,13.0,0.0,5.0,0.0,0.0,5.0,25.786875,2.202,70.0,23.5,81.0,50.894,345.635,14.5,3.5,113.5,2.1950000000000003,2.0,2.5,5.0,0.0,9.5,0.0,3.5,0.0,0.0,3.5,22.3221875,1.101,67.0,194,3.4058068602325102,8,24.813936527736892
34,13.0,73.0,26.9815386,933.47,13.0,3.0,119.0,1.61,2.0,1.0,0.0,0.0,3.0,0.0,3.0,3.0,16.48,0.0,166.0,33.0,84.0,74.9216,1090.0,15.0,4.0,121.0,2.18,2.0,3.0,10.0,0.0,15.0,0.0,5.0,0.0,0.0,5.0,22.175,0.0,225.0,23.0,78.5,50.9515693,1011.735,14.0,3.5,120.0,1.895,2.0,2.0,5.0,0.0,9.0,0.0,4.0,0.0,0.0,4.0,19.3275,0.0,195.5,216,3.590699212089334,2,23.56284008484146
35,8.0,80.0,15.9994,54.8,14.0,2.0,66.0,1.96,2.0,2.0,0.0,0.0,6.0,0.0,2.0,2.0,9.105,0.0,12.0,50.0,87.0,118.71,505.08,16.0,5.0,139.0,3.44,2.0,4.0,10.0,0.0,14.0,0.0,4.0,0.0,0.0,4.0,33.285,0.0,141.0,22.0,84.66666666666667,50.236266666666666,204.89333333333332,15.333333333333334,3.0,90.33333333333333,2.9466666666666668,2.0,3.3333333333333335,3.3333333333333335,0.0,8.666666666666666,0.0,2.6666666666666665,0.0,0.0,2.6666666666666665,17.165,0.0,55.0,136,6.60886550603123,6,12.622330305255444
36,15.0,75.0,30.973762,317.3,13.0,3.0,107.0,1.78,2.0,1.0,0.0,0.0,5.0,0.0,3.0,3.0,22.5702380952,0.0,2.0,49.0,83.0,114.818,429.75,15.0,5.0,142.0,2.19,2.0,3.0,10.0,0.0,13.0,0.0,5.0,0.0,0.0,5.0,24.26,1.625,139.0,32.0,79.0,72.895881,373.525,14.0,4.0,124.5,1.9849999999999999,2.0,2.0,5.0,0.0,9.0,0.0,4.0,0.0,0.0,4.0,23.4151190476,0.8125,70.5,216,4.5816214404051765,2,26.420004308348073
37,13.0,73.0,26.9815386,317.3,13.0,3.0,107.0,1.61,2.0,1.0,0.0,0.0,3.0,0.0,3.0,3.0,16.48,0.0,2.0,15.0,83.0,30.973762,933.47,15.0,3.0,121.0,2.19,2.0,3.0,0.0,0.0,5.0,0.0,5.0,0.0,0.0,5.0,22.5702380952,1.625,225.0,14.0,78.0,28.9776503,625.385,14.0,3.0,114.0,1.9,2.0,2.0,0.0,0.0,4.0,0.0,4.0,0.0,0.0,4.0,19.5251190476,0.8125,113.5,216,2.3047855617021393,2,20.877656117338105
38,7.0,78.0,14.0067,63.05,14.0,2.0,71.0,1.9,2.0,2.0,0.0,0.0,4.0,0.0,3.0,3.0,14.76875,0.773,194.0,14.0,82.0,28.0855,1687.0,15.0,3.0,111.0,3.04,2.0,3.0,0.0,0.0,5.0,0.0,4.0,0.0,0.0,4.0,20.44,6.437,227.0,10.0,80.28571428571429,20.04047142857143,759.0285714285714,14.571428571428571,2.4285714285714284,88.14285714285714,2.551428571428571,2.0,2.5714285714285716,0.0,0.0,4.571428571428571,0.0,3.4285714285714284,0.0,0.0,3.4285714285714284,17.199285714285715,4.009571428571428,208.14285714285714,227,3.94604093869418,14,8.433259116474419
39,6.0,43.0,12.0107,1941.0,4.0,2.0,76.0,1.54,2.0,0.0,0.0,0.0,4.0,0.0,0.0,4.0,5.64,0.0,194.0,22.0,77.0,47.867,3823.0,14.0,4.0,160.0,2.55,2.0,2.0,2.0,0.0,4.0,0.0,4.0,8.0,0.0,8.0,16.69,4.496,194.0,14.0,60.0,29.93885,2882.0,9.0,3.0,118.0,2.045,2.0,1.0,1.0,0.0,4.0,0.0,2.0,4.0,0.0,6.0,11.165000000000001,2.248,194.0,225,4.879907058924726,2,10.187618213579643
40,6.0,45.0,12.0107,2506.0,4.0,2.0,76.0,1.3,2.0,0.0,0.0,0.0,4.0,0.0,0.0,4.0,5.64,0.0,194.0,72.0,77.0,178.49,3823.0,14.0,6.0,175.0,2.55,2.0,2.0,2.0,14.0,18.0,0.0,4.0,8.0,0.0,8.0,22.2,4.496,194.0,39.0,61.0,95.25035,3164.5,9.0,4.0,125.5,1.9249999999999998,2.0,1.0,1.0,7.0,11.0,0.0,2.0,4.0,0.0,6.0,13.92,2.248,194.0,225,12.57416771071356,2,12.578719396875899
41,31.0,74.0,69.723,302.91,13.0,4.0,120.0,1.81,2.0,1.0,10.0,0.0,13.0,0.0,2.0,2.0,18.8575,0.0,14.0,34.0,89.0,78.96,494.0,16.0,4.0,122.0,2.55,2.0,4.0,10.0,0.0,16.0,0.0,5.0,0.0,0.0,5.0,25.92,0.799,64.0,32.5,81.5,74.3415,398.45500000000004,14.5,4.0,121.0,2.1799999999999997,2.0,2.5,10.0,0.0,14.5,0.0,3.5,0.0,0.0,3.5,22.38875,0.3995,39.0,187,4.391991759201682,8,28.107285210863516
42,6.0,44.0,12.0107,2128.0,4.0,2.0,76.0,1.33,2.0,0.0,0.0,0.0,4.0,0.0,0.0,4.0,5.64,0.0,194.0,40.0,77.0,91.224,3823.0,14.0,5.0,175.0,2.55,2.0,2.0,2.0,0.0,4.0,0.0,4.0,8.0,0.0,8.0,23.195,4.496,194.0,23.0,60.5,51.61735,2975.5,9.0,3.5,125.5,1.94,2.0,1.0,1.0,0.0,4.0,0.0,2.0,4.0,0.0,6.0,14.4175,2.248,194.0,225,6.502964049523044,2,13.18054744523031
43,32.0,79.0,72.64,1211.4,14.0,4.0,120.0,2.01,2.0,2.0,10.0,0.0,14.0,0.0,4.0,4.0,23.005,0.383,225.0,32.0,79.0,72.64,1211.4,14.0,4.0,120.0,2.01,2.0,2.0,10.0,0.0,14.0,0.0,4.0,0.0,0.0,4.0,23.005,0.383,225.0,32.0,79.0,72.64,1211.4,14.0,4.0,120.0,2.01,2.0,2.0,10.0,0.0,14.0,0.0,4.0,0.0,0.0,4.0,23.005,0.383,225.0,227,5.041970034757574,2,23.923497554785385
44,8.0,68.0,15.9994,54.8,2.0,2.0,66.0,1.31,2.0,0.0,0.0,0.0,2.0,0.0,0.0,0.0,9.105,0.0,12.0,12.0,87.0,24.305,923.0,16.0,3.0,141.0,3.44,2.0,4.0,0.0,0.0,6.0,0.0,2.0,0.0,0.0,2.0,22.89,0.0,194.0,10.0,77.5,20.1522,488.9,9.0,2.5,103.5,2.375,2.0,2.0,0.0,0.0,4.0,0.0,1.0,0.0,0.0,1.0,15.9975,0.0,103.0,225,3.471430968092349,2,9.63968913267075
45,8.0,69.0,15.9994,54.8,12.0,2.0,66.0,1.65,2.0,0.0,0.0,0.0,6.0,0.0,0.0,0.0,9.105,0.0,12.0,30.0,87.0,65.38,692.68,16.0,4.0,122.0,3.44,2.0,4.0,10.0,0.0,12.0,0.0,2.0,0.0,0.0,2.0,13.96,0.0,194.0,19.0,78.0,40.689699999999995,373.73999999999995,14.0,3.0,94.0,2.545,2.0,2.0,5.0,0.0,9.0,0.0,1.0,0.0,0.0,1.0,11.5325,0.0,103.0,186,5.437864583480136,4,12.429679562090667
46,13.0,73.0,26.9815386,903.78,13.0,3.0,121.0,1.61,2.0,1.0,0.0,0.0,3.0,0.0,3.0,3.0,16.48,0.0,166.0,51.0,85.0,121.76,933.47,15.0,5.0,139.0,2.05,2.0,3.0,10.0,0.0,15.0,0.0,5.0,0.0,0.0,5.0,31.56,0.0,225.0,32.0,79.0,74.3707693,918.625,14.0,4.0,130.0,1.83,2.0,2.0,5.0,0.0,9.0,0.0,4.0,0.0,0.0,4.0,24.02,0.0,195.5,216,4.078412269278146,2,30.280305099612676
47,4.0,67.0,9.012182,1560.0,2.0,2.0,76.0,1.57,2.0,0.0,0.0,0.0,2.0,0.0,0.0,0.0,5.64,0.0,194.0,6.0,77.0,12.0107,3823.0,14.0,2.0,96.0,2.55,2.0,2.0,0.0,0.0,4.0,0.0,4.0,0.0,0.0,4.0,7.89,4.496,194.0,4.666666666666667,70.33333333333333,10.011688,2314.3333333333335,6.0,2.0,89.33333333333333,1.8966666666666665,2.0,0.6666666666666666,0.0,0.0,2.6666666666666665,0.0,1.3333333333333333,0.0,0.0,1.3333333333333333,7.14,1.4986666666666668,194.0,225,2.4612616144131447,3,6.754584295003675
48,16.0,69.0,32.065,388.36,12.0,3.0,105.0,1.65,2.0,0.0,0.0,0.0,6.0,0.0,0.0,0.0,13.96,0.0,70.0,30.0,88.0,65.38,692.68,16.0,4.0,122.0,2.58,2.0,4.0,10.0,0.0,12.0,0.0,2.0,0.0,0.0,2.0,25.786875,2.202,194.0,23.0,78.5,48.7225,540.52,14.0,3.5,113.5,2.115,2.0,2.0,5.0,0.0,9.0,0.0,1.0,0.0,0.0,1.0,19.8734375,1.101,132.0,216,3.9989302156636066,2,20.237835652116832
49,4.0,67.0,9.012182,54.8,2.0,2.0,66.0,1.57,2.0,0.0,0.0,0.0,2.0,0.0,0.0,0.0,7.89,0.0,12.0,8.0,87.0,15.9994,1560.0,16.0,2.0,96.0,3.44,2.0,4.0,0.0,0.0,6.0,0.0,2.0,0.0,0.0,2.0,9.105,0.0,194.0,6.0,77.0,12.505790999999999,807.4,9.0,2.0,81.0,2.505,2.0,2.0,0.0,0.0,4.0,0.0,1.0,0.0,0.0,1.0,8.4975,0.0,103.0,216,2.9707488403850077,2,6.990276065055491
50,31.0,74.0,69.723,302.91,13.0,4.0,119.0,1.81,2.0,1.0,10.0,0.0,13.0,0.0,3.0,3.0,18.8575,0.0,64.0,33.0,84.0,74.9216,1090.0,15.0,4.0,122.0,2.18,2.0,3.0,10.0,0.0,15.0,0.0,5.0,0.0,0.0,5.0,22.175,0.0,166.0,32.0,79.0,72.3223,696.455,14.0,4.0,120.5,1.995,2.0,2.0,10.0,0.0,14.0,0.0,4.0,0.0,0.0,4.0,20.51625,0.0,115.0,216,5.053200624084066,2,23.765928462049377
51,32.0,70.0,72.64,594.22,12.0,4.0,119.0,1.69,2.0,0.0,10.0,0.0,12.0,0.0,0.0,0.0,19.495,0.0,166.0,48.0,84.0,112.411,1211.4,15.0,5.0,144.0,2.18,2.0,3.0,10.0,0.0,15.0,0.0,4.0,0.0,0.0,4.0,23.005,0.383,225.0,36.5,79.25,83.72354999999999,996.405,14.0,4.25,125.5,2.015,2.0,2.0,10.0,0.0,14.0,0.0,2.5,0.0,0.0,2.5,21.7125,0.09575,187.75,122,5.265794832921725,8,26.401755096922326
52,31.0,74.0,69.723,302.91,13.0,4.0,122.0,1.81,2.0,1.0,10.0,0.0,13.0,0.0,3.0,3.0,18.8575,0.0,64.0,51.0,85.0,121.76,903.78,15.0,5.0,139.0,2.05,2.0,3.0,10.0,0.0,15.0,0.0,5.0,0.0,0.0,5.0,31.56,0.0,166.0,41.0,79.5,95.7415,603.345,14.0,4.5,130.5,1.93,2.0,2.0,10.0,0.0,14.0,0.0,4.0,0.0,0.0,4.0,25.208750000000002,0.0,115.0,216,5.287673763789086,2,30.06662440743297
53,34.0,50.0,78.96,494.0,6.0,4.0,120.0,2.16,1.0,0.0,5.0,0.0,6.0,0.0,0.0,2.0,15.69,0.0,14.0,42.0,89.0,95.96,2896.0,16.0,5.0,154.0,2.55,2.0,4.0,10.0,0.0,16.0,1.0,2.0,5.0,0.0,6.0,25.92,0.799,229.0,36.666666666666664,76.0,84.62666666666667,1294.6666666666667,12.666666666666666,4.333333333333333,131.33333333333334,2.42,1.6666666666666667,2.6666666666666665,8.333333333333334,0.0,12.666666666666666,0.3333333333333333,1.3333333333333333,1.6666666666666667,0.0,3.3333333333333335,22.51,0.5326666666666667,85.66666666666667,164,4.300580707076999,12,32.67345165374109
54,34.0,51.0,78.96,494.0,6.0,4.0,120.0,2.36,2.0,0.0,4.0,0.0,16.0,0.0,0.0,2.0,16.05,0.0,14.0,74.0,89.0,183.84,3695.0,16.0,6.0,162.0,2.55,2.0,4.0,10.0,14.0,20.0,0.0,2.0,6.0,0.0,6.0,25.92,0.799,229.0,47.333333333333336,76.33333333333333,113.92,1561.0,12.666666666666666,4.666666666666667,134.0,2.4866666666666664,2.0,2.6666666666666665,8.0,4.666666666666667,17.333333333333332,0.0,1.3333333333333333,2.0,0.0,3.3333333333333335,22.63,0.5326666666666667,85.66666666666667,194,7.857112417956539,6,24.076098241225186
55,15.0,69.0,30.973762,317.3,12.0,3.0,107.0,1.65,2.0,0.0,0.0,0.0,5.0,0.0,0.0,0.0,13.96,0.0,2.0,32.0,83.0,72.64,1211.4,15.0,4.0,122.0,2.19,2.0,3.0,10.0,0.0,14.0,0.0,4.0,0.0,0.0,4.0,23.005,1.625,225.0,23.0,78.5,49.99188099999999,634.67,14.0,3.5,114.0,2.01,2.0,2.0,5.0,0.0,9.0,0.0,2.5,0.0,0.0,2.5,20.5263690476,0.90825,105.75,122,4.0438665315488285,8,20.531219236296554
56,6.0,48.0,12.0107,3290.0,5.0,2.0,76.0,1.5,2.0,0.0,0.0,0.0,4.0,0.0,0.0,4.0,5.64,0.0,194.0,73.0,77.0,180.94788,3823.0,14.0,6.0,170.0,2.55,2.0,2.0,3.0,14.0,19.0,0.0,4.0,7.0,0.0,7.0,18.12,4.496,229.0,39.5,62.5,96.47928999999999,3556.5,9.5,4.0,123.0,2.025,2.0,1.0,1.5,7.0,11.5,0.0,2.0,3.5,0.0,5.5,11.88,2.248,211.5,225,14.234280973849424,2,11.25505604794207
57,8.0,73.0,15.9994,54.8,13.0,2.0,66.0,1.61,2.0,1.0,0.0,0.0,3.0,0.0,2.0,2.0,9.105,0.0,12.0,13.0,87.0,26.9815386,933.47,16.0,3.0,121.0,3.44,2.0,4.0,0.0,0.0,6.0,0.0,5.0,0.0,0.0,5.0,16.48,0.0,225.0,10.0,81.4,20.39225544,406.26800000000003,14.8,2.4,88.0,2.708,2.0,2.8,0.0,0.0,4.8,0.0,3.2,0.0,0.0,3.2,12.055000000000001,0.0,97.2,167,3.8734983394693465,10,8.742003699644115
58,8.0,7.0,15.9994,54.8,2.0,2.0,66.0,1.0,2.0,0.0,0.0,0.0,2.0,0.0,0.0,0.0,9.105,0.0,12.0,20.0,87.0,40.078,1115.0,16.0,4.0,176.0,3.44,2.0,4.0,0.0,0.0,6.0,0.0,2.0,0.0,0.0,2.0,37.77,0.0,225.0,14.0,47.0,28.038700000000002,584.9,9.0,3.0,121.0,2.2199999999999998,2.0,2.0,0.0,0.0,4.0,0.0,1.0,0.0,0.0,1.0,23.4375,0.0,118.5,225,3.2866879644895124,2,14.166041081392711
59,33.0,75.0,74.9216,429.75,13.0,4.0,119.0,1.78,2.0,1.0,10.0,0.0,13.0,0.0,3.0,3.0,22.175,0.0,139.0,49.0,84.0,114.818,1090.0,15.0,5.0,142.0,2.18,2.0,3.0,10.0,0.0,15.0,0.0,5.0,0.0,0.0,5.0,24.26,0.0,166.0,41.0,79.5,94.8698,759.875,14.0,4.5,130.5,1.98,2.0,2.0,10.0,0.0,14.0,0.0,4.0,0.0,0.0,4.0,23.2175,0.0,152.5,216,5.335683811527306,2,29.524802200645254
60,8.0,61.0,15.9994,54.8,10.0,2.0,66.0,1.91,2.0,0.0,0.0,0.0,6.0,0.0,0.0,2.0,9.105,0.0,12.0,28.0,87.0,58.6934,1728.0,16.0,4.0,124.0,3.44,2.0,4.0,8.0,0.0,10.0,0.0,2.0,2.0,0.0,2.0,10.32,0.0,225.0,18.0,74.0,37.346399999999996,891.4,13.0,3.0,95.0,2.675,2.0,2.0,4.0,0.0,8.0,0.0,1.0,1.0,0.0,2.0,9.7125,0.0,118.5,225,6.617519556001579,4,9.371359717498269
61,6.0,47.0,12.0107,2750.0,5.0,2.0,76.0,1.6,1.0,0.0,0.0,0.0,4.0,0.0,0.0,4.0,5.64,0.0,194.0,41.0,77.0,92.90638,3823.0,14.0,5.0,164.0,2.55,2.0,2.0,4.0,0.0,5.0,1.0,4.0,6.0,0.0,7.0,18.18,4.496,229.0,23.5,62.0,52.45854,3286.5,9.5,3.5,120.0,2.075,1.5,1.0,2.0,0.0,4.5,0.5,2.0,3.0,0.0,5.5,11.91,2.248,211.5,225,7.616098778357742,2,11.43754270812939
62,1.0,1.0,1.00794,14.01,1.0,1.0,31.0,0.98,1.0,0.0,0.0,0.0,1.0,1.0,0.0,1.0,6.615,0.0,194.0,3.0,92.0,6.941,453.69,1.0,2.0,128.0,2.2,1.0,0.0,0.0,0.0,1.0,1.0,0.0,0.0,0.0,1.0,16.5933333333,7.853,229.0,2.0,46.5,3.97447,233.85,1.0,1.5,79.5,1.59,1.0,0.0,0.0,0.0,1.0,1.0,0.0,0.0,0.0,1.0,11.604166666649999,3.9265,211.5,225,0.824862688740225,2,8.001044045414659
63,6.0,46.0,12.0107,2183.0,5.0,2.0,76.0,1.63,2.0,0.0,0.0,0.0,4.0,0.0,0.0,4.0,5.64,0.0,194.0,23.0,77.0,50.9415,3823.0,14.0,4.0,153.0,2.55,2.0,2.0,3.0,0.0,5.0,0.0,4.0,7.0,0.0,7.0,13.01,4.496,229.0,14.5,61.5,31.4761,3003.0,9.5,3.0,114.5,2.09,2.0,1.0,1.5,0.0,4.5,0.0,2.0,3.5,0.0,5.5,9.325,2.248,211.5,225,5.80003584596311,2,9.01154667011013
64,49.0,75.0,114.818,429.75,13.0,5.0,139.0,1.78,2.0,1.0,10.0,0.0,13.0,0.0,3.0,3.0,24.26,0.0,139.0,51.0,85.0,121.76,903.78,15.0,5.0,142.0,2.05,2.0,3.0,10.0,0.0,15.0,0.0,5.0,0.0,0.0,5.0,31.56,0.0,166.0,50.0,80.0,118.289,666.765,14.0,5.0,140.5,1.915,2.0,2.0,10.0,0.0,14.0,0.0,4.0,0.0,0.0,4.0,27.91,0.0,152.5,216,5.38405945918659,2,36.482417614073405
65,7.0,11.0,14.0067,63.05,3.0,2.0,71.0,1.36,2.0,0.0,0.0,0.0,3.0,0.0,0.0,3.0,14.76875,0.0,194.0,21.0,82.0,44.955912,1814.0,15.0,4.0,170.0,3.04,2.0,3.0,1.0,0.0,5.0,0.0,3.0,9.0,0.0,9.0,22.235,6.437,194.0,14.0,46.5,29.481306,938.525,9.0,3.0,120.5,2.2,2.0,1.5,0.5,0.0,4.0,0.0,1.5,4.5,0.0,6.0,18.501875,3.2185,194.0,225,4.245782373273551,2,11.530233074486146
66,30.0,69.0,65.38,494.0,12.0,4.0,120.0,1.65,2.0,0.0,10.0,0.0,12.0,0.0,0.0,0.0,13.96,0.0,14.0,34.0,89.0,78.96,692.68,16.0,4.0,122.0,2.55,2.0,4.0,10.0,0.0,16.0,0.0,2.0,0.0,0.0,2.0,25.92,0.799,194.0,32.0,79.0,72.16999999999999,593.3399999999999,14.0,4.0,121.0,2.0999999999999996,2.0,2.0,10.0,0.0,14.0,0.0,1.0,0.0,0.0,1.0,19.94,0.3995,104.0,216,5.064263884449379,2,23.66882630683062
67,9.0,2.0,18.9984032,53.5,1.0,2.0,57.0,0.93,1.0,0.0,0.0,0.0,1.0,0.0,0.0,1.0,9.7075,0.0,15.0,11.0,93.0,22.98976928,370.87,17.0,3.0,166.0,3.98,2.0,5.0,0.0,0.0,7.0,1.0,1.0,0.0,0.0,1.0,29.2433333333,1.97,229.0,10.0,47.5,20.99408624,212.185,9.0,2.5,111.5,2.455,1.5,2.5,0.0,0.0,4.0,0.5,0.5,0.0,0.0,1.0,19.47541666665,0.985,122.0,225,2.6926725736656083,2,12.94680263394654
68,8.0,3.0,15.9994,54.8,1.0,2.0,66.0,0.82,1.0,0.0,0.0,0.0,1.0,0.0,0.0,1.0,9.105,0.0,12.0,73.0,87.0,180.94788,3290.0,16.0,6.0,203.0,3.44,2.0,4.0,3.0,14.0,19.0,1.0,2.0,7.0,0.0,7.0,73.1066666667,0.0,229.0,23.2,62.4,53.608875999999995,758.1859999999999,10.8,3.2,114.2,2.528,1.8,2.4,0.6,2.8,7.6,0.2,1.2,1.4,0.0,2.8,23.70833333334,0.0,98.8,221,6.796251592212529,5,13.098342771259098
69,30.0,69.0,65.38,692.68,12.0,4.0,122.0,1.65,2.0,0.0,10.0,0.0,12.0,0.0,0.0,0.0,13.96,0.0,152.0,52.0,90.0,127.6,722.66,16.0,5.0,138.0,2.1,2.0,4.0,10.0,0.0,16.0,0.0,2.0,0.0,0.0,2.0,34.7633333333,0.464,194.0,41.0,79.5,96.49,707.67,14.0,4.5,130.0,1.875,2.0,2.0,10.0,0.0,14.0,0.0,1.0,0.0,0.0,1.0,24.36166666665,0.232,173.0,216,5.4188133427036975,2,29.57280168516449
70,3.0,1.0,6.941,53.5,1.0,2.0,57.0,0.98,1.0,0.0,0.0,0.0,1.0,0.0,0.0,1.0,9.7075,0.0,15.0,9.0,93.0,18.9984032,453.69,17.0,2.0,128.0,3.98,2.0,5.0,0.0,0.0,7.0,1.0,1.0,0.0,0.0,1.0,16.5933333333,1.97,229.0,6.0,47.0,12.969701599999999,253.595,9.0,2.0,92.5,2.48,1.5,2.5,0.0,0.0,4.0,0.5,0.5,0.0,0.0,1.0,13.150416666649999,0.985,122.0,225,2.530430195901122,2,8.5110809315469
71,27.0,45.0,58.933195,903.78,4.0,4.0,126.0,1.3,2.0,0.0,2.0,0.0,9.0,0.0,0.0,3.0,10.245,0.0,166.0,72.0,85.0,178.49,2506.0,15.0,6.0,175.0,2.05,2.0,3.0,10.0,14.0,18.0,0.0,3.0,8.0,0.0,8.0,31.56,0.0,194.0,50.0,62.666666666666664,119.72773166666667,1725.9266666666665,9.333333333333334,5.0,146.66666666666666,1.7433333333333332,2.0,1.0,6.333333333333333,4.666666666666667,14.0,0.0,1.0,3.6666666666666665,0.0,4.666666666666667,21.334999999999997,0.0,184.66666666666666,216,9.5449092009584,3,20.82917412854375
72,8.0,11.0,15.9994,54.8,3.0,2.0,66.0,1.36,2.0,0.0,0.0,0.0,3.0,0.0,0.0,2.0,9.105,0.0,12.0,21.0,87.0,44.955912,1814.0,16.0,4.0,170.0,3.44,2.0,4.0,1.0,0.0,6.0,0.0,2.0,9.0,0.0,9.0,22.235,0.0,194.0,13.2,56.6,27.5820048,758.48,10.8,2.8,107.6,2.608,2.0,2.4,0.4,0.0,4.8,0.0,1.2,3.6,0.0,4.8,14.357,0.0,84.8,206,3.7507864458761118,40,12.211038182647181
73,3.0,1.0,6.941,388.36,1.0,2.0,105.0,0.98,1.0,0.0,0.0,0.0,1.0,0.0,0.0,1.0,16.5933333333,0.0,70.0,16.0,88.0,32.065,453.69,16.0,3.0,128.0,2.58,2.0,4.0,0.0,0.0,6.0,1.0,2.0,0.0,0.0,2.0,25.786875,2.202,229.0,7.333333333333333,30.0,15.315666666666665,431.91333333333336,6.0,2.3333333333333335,120.33333333333333,1.5133333333333334,1.3333333333333333,1.3333333333333333,0.0,0.0,2.6666666666666665,0.6666666666666666,0.6666666666666666,0.0,0.0,1.3333333333333333,19.6578472222,0.734,176.0,225,1.6295510398331279,3,15.606913934790134
74,16.0,70.0,32.065,388.36,12.0,3.0,105.0,1.69,2.0,0.0,0.0,0.0,6.0,0.0,0.0,0.0,19.495,0.0,70.0,48.0,88.0,112.411,594.22,16.0,5.0,144.0,2.58,2.0,4.0,10.0,0.0,12.0,0.0,2.0,0.0,0.0,2.0,25.786875,2.202,194.0,32.0,79.0,72.238,491.29,14.0,4.0,124.5,2.135,2.0,2.0,5.0,0.0,9.0,0.0,1.0,0.0,0.0,1.0,22.6409375,1.101,132.0,186,4.575652563556364,4,26.215718835045934
75,8.0,49.0,15.9994,54.8,6.0,2.0,66.0,1.66,1.0,0.0,0.0,0.0,6.0,0.0,0.0,2.0,9.105,0.0,12.0,24.0,87.0,51.9961,2180.0,16.0,4.0,139.0,3.44,2.0,4.0,5.0,0.0,6.0,1.0,2.0,5.0,0.0,6.0,11.19,0.0,229.0,14.4,71.8,30.39808,904.8799999999999,12.0,2.8,95.2,2.728,1.6,2.4,2.0,0.0,6.0,0.4,1.2,2.0,0.0,3.6,9.939,0.0,98.8,167,4.9043304249161634,10,10.292373273461687
76,51.0,60.0,121.76,903.78,9.0,5.0,139.0,2.05,2.0,0.0,7.0,0.0,15.0,0.0,0.0,3.0,14.21,0.0,166.0,77.0,85.0,192.217,2739.0,15.0,6.0,141.0,2.2,2.0,3.0,10.0,14.0,23.0,0.0,3.0,3.0,0.0,3.0,31.56,0.0,225.0,57.5,78.75,139.37425000000002,1362.585,13.5,5.25,139.5,2.0875,2.0,2.25,9.25,3.5,17.0,0.0,2.25,0.75,0.0,3.0,27.222499999999997,0.0,180.75,204,8.931919428463367,16,25.911159281795154
77,16.0,80.0,32.065,388.36,14.0,3.0,105.0,1.96,2.0,2.0,0.0,0.0,6.0,0.0,2.0,2.0,25.786875,0.0,70.0,50.0,88.0,118.71,505.08,16.0,5.0,139.0,2.58,2.0,4.0,10.0,0.0,14.0,0.0,4.0,0.0,0.0,4.0,33.285,2.202,141.0,27.333333333333332,85.33333333333333,60.94666666666666,427.26666666666665,15.333333333333334,3.6666666666666665,116.33333333333333,2.3733333333333335,2.0,3.3333333333333335,3.3333333333333335,0.0,8.666666666666666,0.0,2.6666666666666665,0.0,0.0,2.6666666666666665,28.286249999999995,1.468,93.66666666666667,164,3.67008868138164,3,27.575442929337786
78,27.0,44.0,58.933195,903.78,4.0,4.0,126.0,1.33,2.0,0.0,2.0,0.0,4.0,0.0,0.0,3.0,10.245,0.0,166.0,51.0,85.0,121.76,2128.0,15.0,5.0,175.0,2.05,2.0,3.0,10.0,0.0,15.0,0.0,3.0,8.0,0.0,8.0,31.56,0.0,194.0,39.333333333333336,62.333333333333336,90.639065,1599.9266666666665,9.333333333333334,4.666666666666667,146.66666666666666,1.7533333333333332,2.0,1.0,6.333333333333333,0.0,9.333333333333334,0.0,1.0,3.6666666666666665,0.0,4.666666666666667,21.666666666666668,0.0,184.66666666666666,216,7.141210333744336,3,21.07621836614918
79,1.0,64.0,1.00794,14.01,1.0,1.0,31.0,1.9,1.0,0.0,0.0,0.0,1.0,1.0,0.0,1.0,6.615,0.0,194.0,29.0,92.0,63.546,1357.77,11.0,4.0,132.0,2.2,1.0,0.0,10.0,0.0,11.0,1.0,0.0,0.0,0.0,1.0,11.07,7.853,225.0,15.0,78.0,32.27697,685.89,6.0,2.5,81.5,2.05,1.0,0.0,5.0,0.0,6.0,1.0,0.0,0.0,0.0,1.0,8.842500000000001,3.9265,209.5,186,6.673766696119418,4,8.03102237116578
80,14.0,55.0,28.0855,1687.0,8.0,3.0,111.0,1.83,2.0,0.0,0.0,0.0,4.0,0.0,0.0,4.0,10.73,0.0,227.0,26.0,78.0,55.845,1811.0,14.0,4.0,132.0,1.9,2.0,2.0,6.0,0.0,8.0,0.0,4.0,4.0,0.0,4.0,20.44,0.773,229.0,20.0,66.5,41.96525,1749.0,11.0,3.5,121.5,1.865,2.0,1.0,3.0,0.0,6.0,0.0,2.0,2.0,0.0,4.0,15.585,0.3865,228.0,198,6.333879997782489,8,11.001935162812138
81,3.0,1.0,6.941,453.69,1.0,2.0,120.0,0.98,1.0,0.0,0.0,0.0,1.0,0.0,0.0,1.0,16.5933333333,0.0,14.0,34.0,89.0,78.96,494.0,16.0,4.0,128.0,2.55,2.0,4.0,10.0,0.0,16.0,1.0,2.0,0.0,0.0,2.0,25.92,0.799,229.0,13.333333333333334,30.333333333333332,30.947333333333333,467.1266666666667,6.0,2.6666666666666665,125.33333333333333,1.5033333333333332,1.3333333333333333,1.3333333333333333,3.3333333333333335,0.0,6.0,0.6666666666666666,0.6666666666666666,0.0,0.0,1.3333333333333333,19.7022222222,0.26633333333333337,157.33333333333334,225,2.826922362477282,3,18.178516923280156
82,8.0,58.0,15.9994,54.8,9.0,2.0,66.0,1.88,2.0,0.0,0.0,0.0,6.0,0.0,0.0,2.0,9.105,0.0,12.0,27.0,87.0,58.933195,1768.0,16.0,4.0,126.0,3.44,2.0,4.0,7.0,0.0,9.0,0.0,2.0,3.0,0.0,3.0,10.245,0.0,194.0,17.5,72.5,37.466297499999996,911.4,12.5,3.0,96.0,2.66,2.0,2.0,3.5,0.0,7.5,0.0,1.0,1.5,0.0,2.5,9.675,0.0,103.0,216,5.118013506615284,8,12.155937181328834
83,8.0,74.0,15.9994,54.8,13.0,2.0,66.0,1.81,2.0,1.0,0.0,0.0,6.0,0.0,2.0,2.0,9.105,0.0,12.0,31.0,87.0,69.723,302.91,16.0,4.0,122.0,3.44,2.0,4.0,10.0,0.0,13.0,0.0,5.0,0.0,0.0,5.0,18.8575,0.0,64.0,17.2,81.8,37.488839999999996,154.044,14.8,2.8,88.4,2.7880000000000003,2.0,2.8,4.0,0.0,8.8,0.0,3.2,0.0,0.0,3.2,13.006,0.0,32.8,12,5.6802731828480395,10,10.959276319577343
84,14.0,69.0,28.0855,692.68,12.0,3.0,111.0,1.65,2.0,0.0,0.0,0.0,4.0,0.0,0.0,0.0,13.96,0.0,166.0,33.0,84.0,74.9216,1687.0,15.0,4.0,122.0,2.18,2.0,3.0,10.0,0.0,15.0,0.0,4.0,0.0,0.0,4.0,22.175,0.773,227.0,27.5,78.75,60.827175,1139.92,14.0,3.75,117.75,1.9775,2.0,2.0,7.5,0.0,11.5,0.0,2.5,0.0,0.0,2.5,19.6875,0.19325,188.25,122,4.530761810404417,8,22.296016328792792
85,8.0,64.0,15.9994,54.8,11.0,2.0,66.0,1.61,1.0,0.0,0.0,0.0,3.0,0.0,0.0,1.0,9.105,0.0,12.0,29.0,87.0,63.546,1357.77,16.0,4.0,132.0,3.44,2.0,4.0,10.0,0.0,11.0,1.0,5.0,0.0,0.0,5.0,16.48,0.0,225.0,14.5,77.75,30.63158465,600.2099999999999,14.0,2.75,96.25,2.5975,1.75,2.25,2.5,0.0,6.5,0.25,2.25,0.0,0.0,2.5,11.440000000000001,0.0,118.5,166,4.978571485833173,4,10.216774656732188
86,23.0,46.0,50.9415,903.78,5.0,4.0,132.0,1.63,2.0,0.0,3.0,0.0,5.0,0.0,0.0,3.0,10.73,0.0,166.0,51.0,85.0,121.76,2183.0,15.0,5.0,153.0,2.05,2.0,3.0,10.0,0.0,15.0,0.0,3.0,7.0,0.0,7.0,31.56,0.0,229.0,33.333333333333336,62.0,76.18216666666666,1632.5933333333332,9.333333333333334,4.333333333333333,141.33333333333334,1.8366666666666667,2.0,1.0,6.333333333333333,0.0,9.333333333333334,0.0,1.0,3.6666666666666665,0.0,4.666666666666667,18.433333333333334,0.0,208.0,216,7.823725416180832,3,16.169210599671736
87,29.0,64.0,63.546,302.91,11.0,4.0,120.0,1.81,1.0,0.0,10.0,0.0,11.0,0.0,0.0,1.0,11.07,0.0,14.0,34.0,89.0,78.96,1357.77,16.0,4.0,132.0,2.55,2.0,4.0,10.0,0.0,16.0,1.0,5.0,0.0,0.0,5.0,25.92,0.799,225.0,32.0,79.0,72.79724999999999,662.1700000000001,14.0,4.0,123.5,2.2024999999999997,1.75,2.25,10.0,0.0,14.0,0.25,2.25,0.0,0.0,2.5,20.441875000000003,0.3995,79.25,122,5.3499233806530135,8,22.59521659753038
88,34.0,70.0,78.96,494.0,12.0,4.0,120.0,1.69,2.0,0.0,10.0,0.0,12.0,0.0,0.0,0.0,19.495,0.0,14.0,48.0,89.0,112.411,594.22,16.0,5.0,144.0,2.55,2.0,4.0,10.0,0.0,16.0,0.0,2.0,0.0,0.0,2.0,25.92,0.799,194.0,41.0,79.5,95.68549999999999,544.11,14.0,4.5,132.0,2.12,2.0,2.0,10.0,0.0,14.0,0.0,1.0,0.0,0.0,1.0,22.707500000000003,0.3995,104.0,216,5.300489339037397,2,29.976385328606213
89,22.0,43.0,47.867,903.78,4.0,4.0,126.0,1.54,2.0,0.0,2.0,0.0,4.0,0.0,0.0,3.0,10.245,0.0,166.0,51.0,85.0,121.76,1941.0,15.0,5.0,160.0,2.05,2.0,3.0,10.0,0.0,15.0,0.0,3.0,8.0,0.0,8.0,31.56,0.0,194.0,33.333333333333336,62.0,76.18673166666667,1537.5933333333332,9.333333333333334,4.333333333333333,141.66666666666666,1.8233333333333333,2.0,1.0,6.333333333333333,0.0,9.333333333333334,0.0,1.0,3.6666666666666665,0.0,4.666666666666667,19.498333333333335,0.0,184.66666666666666,216,7.41611676208167,3,17.058933717969165
90,8.0,55.0,15.9994,54.8,8.0,2.0,66.0,1.83,2.0,0.0,0.0,0.0,6.0,0.0,0.0,2.0,9.105,0.0,12.0,26.0,87.0,55.845,1811.0,16.0,4.0,132.0,3.44,2.0,4.0,6.0,0.0,8.0,0.0,2.0,4.0,0.0,4.0,10.73,0.0,229.0,15.2,74.2,31.93764,757.28,12.8,2.8,92.4,2.7960000000000003,2.0,2.4,2.4,0.0,6.8,0.0,1.2,1.6,0.0,2.8,9.755,0.0,98.8,167,5.0668477980869895,10,10.466803233171898
91,8.0,20.0,15.9994,54.8,3.0,2.0,66.0,1.38,2.0,0.0,0.0,0.0,6.0,0.0,0.0,2.0,9.105,0.0,12.0,92.0,87.0,238.02891,1408.0,16.0,7.0,196.0,3.44,2.0,4.0,1.0,3.0,6.0,0.0,2.0,9.0,11.0,20.0,20.025,0.0,63.0,36.0,64.66666666666667,90.00923666666667,505.8666666666666,11.666666666666666,3.6666666666666665,109.33333333333333,2.7533333333333334,2.0,2.6666666666666665,0.3333333333333333,1.0,6.0,0.0,1.3333333333333333,3.0,3.6666666666666665,8.0,12.745,0.0,29.0,225,11.262541186565187,3,13.2708818874853
92,15.0,70.0,30.973762,317.3,12.0,3.0,107.0,1.69,2.0,0.0,0.0,0.0,5.0,0.0,0.0,0.0,19.495,0.0,2.0,48.0,83.0,112.411,1211.4,15.0,5.0,144.0,2.19,2.0,3.0,10.0,0.0,14.0,0.0,4.0,0.0,0.0,4.0,23.005,1.625,225.0,27.5,78.75,61.749630999999994,610.0550000000001,14.0,3.75,119.5,2.02,2.0,2.0,5.0,0.0,9.0,0.0,2.5,0.0,0.0,2.5,21.9101190476,0.90825,105.75,122,4.428162639132526,8,23.155805913154417
93,3.0,1.0,6.941,54.8,1.0,2.0,66.0,0.98,1.0,0.0,0.0,0.0,1.0,0.0,0.0,1.0,9.105,0.0,12.0,8.0,87.0,15.9994,453.69,16.0,2.0,128.0,3.44,2.0,4.0,0.0,0.0,6.0,1.0,2.0,0.0,0.0,2.0,16.5933333333,0.0,229.0,4.666666666666667,29.666666666666668,9.960466666666667,320.72666666666663,6.0,2.0,107.33333333333333,1.8,1.3333333333333333,1.3333333333333333,0.0,0.0,2.6666666666666665,0.6666666666666666,0.6666666666666666,0.0,0.0,1.3333333333333333,14.097222222199997,0.0,156.66666666666666,225,1.9628001560343873,3,8.42660622922699
94,30.0,69.0,65.38,692.68,12.0,4.0,119.0,1.65,2.0,0.0,10.0,0.0,12.0,0.0,0.0,0.0,13.96,0.0,166.0,33.0,84.0,74.9216,1211.4,15.0,4.0,122.0,2.18,2.0,3.0,10.0,0.0,15.0,0.0,4.0,0.0,0.0,4.0,23.005,0.383,225.0,32.0,79.0,71.9658,1021.02,14.0,4.0,120.0,2.005,2.0,2.0,10.0,0.0,14.0,0.0,2.5,0.0,0.0,2.5,20.32875,0.09575,187.75,122,5.070436673283274,8,23.570763026602567
95,38.0,8.0,87.62,722.66,2.0,5.0,138.0,0.95,2.0,0.0,0.0,0.0,2.0,0.0,0.0,0.0,34.7633333333,0.0,152.0,52.0,90.0,127.6,1050.0,16.0,5.0,195.0,2.1,2.0,4.0,10.0,0.0,16.0,0.0,2.0,0.0,0.0,2.0,54.23,0.464,225.0,45.0,49.0,107.61,886.3299999999999,9.0,5.0,166.5,1.525,2.0,2.0,5.0,0.0,9.0,0.0,1.0,0.0,0.0,1.0,44.49666666665,0.232,188.5,225,4.701970764493499,2,38.00334325899934
96,9.0,11.0,18.9984032,53.5,3.0,2.0,57.0,1.36,2.0,0.0,0.0,0.0,3.0,0.0,0.0,1.0,9.7075,0.0,15.0,21.0,93.0,44.955912,1814.0,17.0,4.0,170.0,3.98,2.0,5.0,1.0,0.0,7.0,0.0,1.0,9.0,0.0,9.0,22.235,1.97,194.0,12.0,72.5,25.4877804,493.625,13.5,2.5,85.25,3.3249999999999997,2.0,3.75,0.25,0.0,6.0,0.0,0.75,2.25,0.0,3.0,12.839375,1.4775,59.75,221,2.5118235797810775,4,16.84969255635802
97,34.0,80.0,78.96,494.0,14.0,4.0,120.0,1.96,2.0,2.0,10.0,0.0,14.0,0.0,2.0,2.0,25.92,0.0,14.0,50.0,89.0,118.71,505.08,16.0,5.0,139.0,2.55,2.0,4.0,10.0,0.0,16.0,0.0,4.0,0.0,0.0,4.0,33.285,0.799,141.0,39.333333333333336,86.0,92.21,497.6933333333333,15.333333333333334,4.333333333333333,126.33333333333333,2.353333333333333,2.0,3.3333333333333335,10.0,0.0,15.333333333333334,0.0,2.6666666666666665,0.0,0.0,2.6666666666666665,28.375,0.5326666666666667,56.333333333333336,164,5.12049911666342,3,29.903004344420193
98,27.0,58.0,58.933195,903.78,9.0,4.0,126.0,1.88,2.0,0.0,7.0,0.0,9.0,0.0,0.0,3.0,10.245,0.0,166.0,51.0,85.0,121.76,1768.0,15.0,5.0,139.0,2.05,2.0,3.0,10.0,0.0,15.0,0.0,3.0,3.0,0.0,3.0,31.56,0.0,194.0,45.0,78.25,106.05329875000001,1119.835,13.5,4.75,135.75,2.0075,2.0,2.25,9.25,0.0,13.5,0.0,2.25,0.75,0.0,3.0,26.23125,0.0,173.0,204,7.44082233139091,16,23.667497740569836
99,8.0,52.0,15.9994,54.8,7.0,2.0,66.0,1.55,2.0,0.0,0.0,0.0,6.0,0.0,0.0,2.0,9.105,0.0,12.0,25.0,87.0,54.938045,1519.0,16.0,4.0,139.0,3.44,2.0,4.0,5.0,0.0,7.0,0.0,2.0,5.0,0.0,5.0,10.4875862069,0.0,217.0,16.5,69.5,35.4687225,786.9,11.5,3.0,102.5,2.495,2.0,2.0,2.5,0.0,6.5,0.0,1.0,2.5,0.0,3.5,9.796293103450001,0.0,114.5,225,5.1907082530856865,4,11.346659546629724
100,8.0,8.0,15.9994,54.8,2.0,2.0,66.0,0.95,2.0,0.0,0.0,0.0,2.0,0.0,0.0,0.0,9.105,0.0,12.0,38.0,87.0,87.62,1050.0,16.0,5.0,195.0,3.44,2.0,4.0,0.0,0.0,6.0,0.0,2.0,0.0,0.0,2.0,54.23,0.0,225.0,23.0,47.5,51.8097,552.4,9.0,3.5,130.5,2.195,2.0,2.0,0.0,0.0,4.0,0.0,1.0,0.0,0.0,1.0,31.667499999999997,0.0,118.5,225,4.877526423806916,2,17.638455110957224
101,16.0,79.0,32.065,388.36,14.0,3.0,105.0,2.01,2.0,2.0,0.0,0.0,6.0,0.0,2.0,2.0,23.005,0.383,70.0,32.0,88.0,72.64,1211.4,16.0,4.0,120.0,2.58,2.0,4.0,10.0,0.0,14.0,0.0,4.0,0.0,0.0,4.0,25.786875,2.202,225.0,24.0,83.5,52.3525,799.8800000000001,15.0,3.5,112.5,2.295,2.0,3.0,5.0,0.0,10.0,0.0,3.0,0.0,0.0,3.0,24.3959375,1.2925,147.5,62,3.954535749023095,8,21.98320536251366
102,14.0,78.0,28.0855,1211.4,14.0,3.0,111.0,1.9,2.0,2.0,0.0,0.0,4.0,0.0,4.0,4.0,20.44,0.383,225.0,32.0,79.0,72.64,1687.0,14.0,4.0,120.0,2.01,2.0,2.0,10.0,0.0,14.0,0.0,4.0,0.0,0.0,4.0,23.005,0.773,227.0,23.0,78.5,50.36275,1449.2,14.0,3.5,115.5,1.9549999999999998,2.0,2.0,5.0,0.0,9.0,0.0,4.0,0.0,0.0,4.0,21.7225,0.5780000000000001,226.0,216,3.823847394474847,2,21.870463240046345
103,12.0,68.0,24.305,923.0,2.0,3.0,120.0,1.31,2.0,0.0,0.0,0.0,2.0,0.0,0.0,0.0,22.89,0.0,194.0,32.0,79.0,72.64,1211.4,14.0,4.0,141.0,2.01,2.0,2.0,10.0,0.0,14.0,0.0,4.0,0.0,0.0,4.0,23.005,0.383,225.0,18.666666666666668,71.66666666666667,40.416666666666664,1019.1333333333333,6.0,3.3333333333333335,134.0,1.5433333333333332,2.0,0.6666666666666666,3.3333333333333335,0.0,6.0,0.0,1.3333333333333333,0.0,0.0,1.3333333333333333,22.92833333333333,0.12766666666666668,204.33333333333334,225,3.0358803533733467,3,22.106751956537504
104,22.0,43.0,47.867,505.08,4.0,4.0,124.0,1.54,2.0,0.0,2.0,0.0,4.0,0.0,0.0,2.0,10.32,0.0,141.0,50.0,80.0,118.71,1941.0,14.0,5.0,160.0,1.96,2.0,2.0,10.0,0.0,14.0,0.0,4.0,8.0,0.0,8.0,33.285,0.0,225.0,33.333333333333336,61.333333333333336,75.09013333333333,1391.36,9.333333333333334,4.333333333333333,141.0,1.8033333333333335,2.0,0.6666666666666666,6.666666666666667,0.0,9.333333333333334,0.0,1.3333333333333333,3.3333333333333335,0.0,4.666666666666667,20.098333333333333,0.0,186.66666666666666,216,7.23009703881482,3,17.24597875336988
105,8.0,70.0,15.9994,54.8,12.0,2.0,66.0,1.69,2.0,0.0,0.0,0.0,6.0,0.0,0.0,0.0,9.105,0.0,12.0,48.0,87.0,112.411,594.22,16.0,5.0,144.0,3.44,2.0,4.0,10.0,0.0,12.0,0.0,2.0,0.0,0.0,2.0,19.495,0.0,194.0,28.0,78.5,64.2052,324.51,14.0,3.5,105.0,2.565,2.0,2.0,5.0,0.0,9.0,0.0,1.0,0.0,0.0,1.0,14.3,0.0,103.0,225,7.791435499806187,2,13.683645700656621
106,28.0,44.0,58.6934,505.08,4.0,4.0,124.0,1.33,2.0,0.0,2.0,0.0,4.0,0.0,0.0,2.0,10.32,0.0,141.0,50.0,80.0,118.71,2128.0,14.0,5.0,175.0,1.96,2.0,2.0,10.0,0.0,14.0,0.0,4.0,8.0,0.0,8.0,33.285,0.0,225.0,39.333333333333336,61.666666666666664,89.54246666666666,1453.6933333333334,9.333333333333334,4.666666666666667,146.0,1.7333333333333334,2.0,0.6666666666666666,6.666666666666667,0.0,9.333333333333334,0.0,1.3333333333333333,3.3333333333333335,0.0,4.666666666666667,22.266666666666666,0.0,186.66666666666666,216,7.623580700345458,3,19.503796164050645
107,9.0,7.0,18.9984032,53.5,2.0,2.0,57.0,1.0,2.0,0.0,0.0,0.0,2.0,0.0,0.0,0.0,9.7075,0.0,15.0,20.0,93.0,40.078,1115.0,17.0,4.0,176.0,3.98,2.0,5.0,0.0,0.0,7.0,0.0,1.0,0.0,0.0,1.0,37.77,1.97,225.0,12.666666666666666,64.33333333333333,26.024935466666665,407.3333333333333,12.0,2.6666666666666665,96.66666666666667,2.986666666666667,2.0,3.3333333333333335,0.0,0.0,5.333333333333333,0.0,0.6666666666666666,0.0,0.0,0.6666666666666666,19.061666666666667,1.3133333333333332,85.0,225,3.0898325922098566,3,13.986331219723496
108,8.0,8.0,15.9994,54.8,2.0,2.0,66.0,0.95,2.0,0.0,0.0,0.0,2.0,0.0,0.0,0.0,9.105,0.0,12.0,38.0,87.0,87.62,1941.0,16.0,5.0,195.0,3.44,2.0,4.0,2.0,0.0,6.0,0.0,2.0,8.0,0.0,8.0,54.23,0.0,225.0,16.8,62.4,36.69704,631.08,10.8,3.0,110.6,2.5620000000000003,2.0,2.4,0.4,0.0,4.8,0.0,1.2,1.6,0.0,2.8,19.647,0.0,91.0,140,4.972062125329374,10,12.255854213516308
109,12.0,68.0,24.305,923.0,2.0,3.0,111.0,1.31,2.0,0.0,0.0,0.0,2.0,0.0,0.0,0.0,20.44,0.0,194.0,14.0,78.0,28.0855,1687.0,14.0,3.0,141.0,1.9,2.0,2.0,0.0,0.0,4.0,0.0,4.0,0.0,0.0,4.0,22.89,0.773,227.0,12.666666666666666,71.33333333333333,25.565166666666666,1177.6666666666667,6.0,3.0,131.0,1.5066666666666666,2.0,0.6666666666666666,0.0,0.0,2.6666666666666665,0.0,1.3333333333333333,0.0,0.0,1.3333333333333333,22.073333333333334,0.25766666666666665,205.0,225,1.975370395749873,3,21.490631876167637
110,8.0,78.0,15.9994,54.8,14.0,2.0,66.0,1.9,2.0,2.0,0.0,0.0,4.0,0.0,2.0,2.0,9.105,0.0,12.0,14.0,87.0,28.0855,1687.0,16.0,3.0,111.0,3.44,2.0,4.0,0.0,0.0,6.0,0.0,4.0,0.0,0.0,4.0,20.44,0.773,227.0,10.0,84.0,20.0281,598.8666666666667,15.333333333333334,2.3333333333333335,81.0,2.9266666666666663,2.0,3.3333333333333335,0.0,0.0,5.333333333333333,0.0,2.6666666666666665,0.0,0.0,2.6666666666666665,12.883333333333335,0.25766666666666665,83.66666666666667,122,2.116918417006954,6,15.710309009826242
111,12.0,68.0,24.305,494.0,2.0,3.0,120.0,1.31,2.0,0.0,0.0,0.0,2.0,0.0,0.0,0.0,22.89,0.0,14.0,34.0,89.0,78.96,923.0,16.0,4.0,141.0,2.55,2.0,4.0,10.0,0.0,16.0,0.0,2.0,0.0,0.0,2.0,25.92,0.799,194.0,23.0,78.5,51.63249999999999,708.5,9.0,3.5,130.5,1.93,2.0,2.0,5.0,0.0,9.0,0.0,1.0,0.0,0.0,1.0,24.405,0.3995,104.0,186,3.1785206158059203,4,26.97411586065346
112,48.0,70.0,112.411,594.22,12.0,5.0,138.0,1.69,2.0,0.0,10.0,0.0,12.0,0.0,0.0,0.0,19.495,0.0,152.0,52.0,90.0,127.6,722.66,16.0,5.0,144.0,2.1,2.0,4.0,10.0,0.0,16.0,0.0,2.0,0.0,0.0,2.0,34.7633333333,0.464,194.0,50.0,80.0,120.0055,658.44,14.0,5.0,141.0,1.895,2.0,2.0,10.0,0.0,14.0,0.0,1.0,0.0,0.0,1.0,27.12916666665,0.232,173.0,216,5.472512271905128,2,36.41359051489047
113,17.0,3.0,35.453,171.6,1.0,3.0,102.0,0.82,1.0,0.0,0.0,0.0,1.0,0.0,0.0,1.0,24.4975,0.0,64.0,19.0,94.0,39.0983,336.53,17.0,4.0,203.0,3.16,2.0,5.0,0.0,0.0,7.0,1.0,1.0,0.0,0.0,1.0,73.1066666667,2.493,229.0,18.0,48.5,37.27565,254.065,9.0,3.5,152.5,1.99,1.5,2.5,0.0,0.0,4.0,0.5,0.5,0.0,0.0,1.0,48.80208333335,1.2465,146.5,225,1.9035704058183411,2,32.516618701738324
114,12.0,68.0,24.305,505.08,2.0,3.0,139.0,1.31,2.0,0.0,0.0,0.0,2.0,0.0,0.0,0.0,22.89,0.0,141.0,50.0,80.0,118.71,923.0,14.0,5.0,141.0,1.96,2.0,2.0,10.0,0.0,14.0,0.0,4.0,0.0,0.0,4.0,33.285,0.0,194.0,24.666666666666668,72.0,55.77333333333333,783.6933333333333,6.0,3.6666666666666665,140.33333333333334,1.5266666666666666,2.0,0.6666666666666666,3.3333333333333335,0.0,6.0,0.0,1.3333333333333333,0.0,0.0,1.3333333333333333,26.355,0.0,176.33333333333334,225,3.508687760498868,3,26.39556586287293
115,11.0,2.0,22.98976928,171.6,1.0,3.0,102.0,0.93,1.0,0.0,0.0,0.0,1.0,0.0,0.0,1.0,24.4975,0.0,64.0,17.0,94.0,35.453,370.87,17.0,3.0,166.0,3.16,2.0,5.0,0.0,0.0,7.0,1.0,1.0,0.0,0.0,1.0,29.2433333333,2.493,229.0,14.0,48.0,29.221384640000004,271.235,9.0,3.0,134.0,2.045,1.5,2.5,0.0,0.0,4.0,0.5,0.5,0.0,0.0,1.0,26.87041666665,1.2465,146.5,225,2.1053060843576104,2,23.04807416621846
116,28.0,45.0,58.6934,505.08,4.0,4.0,124.0,1.3,2.0,0.0,2.0,0.0,10.0,0.0,0.0,2.0,10.32,0.0,141.0,72.0,80.0,178.49,2506.0,14.0,6.0,175.0,1.96,2.0,2.0,10.0,14.0,18.0,0.0,4.0,8.0,0.0,8.0,33.285,0.0,225.0,50.0,62.0,118.63113333333332,1579.6933333333334,9.333333333333334,5.0,146.0,1.7233333333333334,2.0,0.6666666666666666,6.666666666666667,4.666666666666667,14.0,0.0,1.3333333333333333,3.3333333333333335,0.0,4.666666666666667,21.935,0.0,186.66666666666666,216,10.340458179693195,3,19.050570873338057
117,9.0,3.0,18.9984032,53.5,1.0,2.0,57.0,0.82,1.0,0.0,0.0,0.0,1.0,0.0,0.0,1.0,9.7075,0.0,15.0,19.0,93.0,39.0983,336.53,17.0,4.0,203.0,3.98,2.0,5.0,0.0,0.0,7.0,1.0,1.0,0.0,0.0,1.0,73.1066666667,1.97,229.0,14.0,48.0,29.0483516,195.015,9.0,3.0,130.0,2.4,1.5,2.5,0.0,0.0,4.0,0.5,0.5,0.0,0.0,1.0,41.407083333349995,0.985,122.0,225,2.4182732829403464,2,19.946431609864703
118,16.0,64.0,32.065,302.91,11.0,3.0,105.0,1.81,1.0,0.0,0.0,0.0,6.0,0.0,0.0,1.0,11.07,0.0,64.0,31.0,88.0,69.723,1357.77,16.0,4.0,132.0,2.58,2.0,4.0,10.0,0.0,13.0,1.0,5.0,0.0,0.0,5.0,25.786875,2.202,225.0,23.0,78.5,49.34975,609.35,14.0,3.5,116.0,2.2175000000000002,1.75,2.25,5.0,0.0,9.0,0.25,2.25,0.0,0.0,2.5,20.3753125,1.101,107.25,122,4.277152732237182,8,19.15928491033345
119,8.0,64.0,15.9994,54.8,11.0,2.0,66.0,1.9,1.0,0.0,0.0,0.0,6.0,0.0,0.0,1.0,9.105,0.0,12.0,29.0,87.0,63.546,1357.77,16.0,4.0,132.0,3.44,2.0,4.0,10.0,0.0,11.0,1.0,2.0,0.0,0.0,2.0,11.07,0.0,225.0,22.0,71.66666666666667,47.69713333333333,923.4466666666667,12.666666666666666,3.3333333333333335,110.0,2.4133333333333336,1.3333333333333333,1.3333333333333333,6.666666666666667,0.0,9.333333333333334,0.6666666666666666,0.6666666666666666,0.0,0.0,1.3333333333333333,10.415000000000001,0.0,154.0,224,6.028164790035252,6,13.138816874375111
120,34.0,9.0,78.96,494.0,2.0,4.0,120.0,0.89,2.0,0.0,0.0,0.0,2.0,0.0,0.0,0.0,25.92,0.0,14.0,56.0,89.0,137.327,1000.0,16.0,6.0,215.0,2.55,2.0,4.0,10.0,0.0,16.0,0.0,2.0,0.0,0.0,2.0,63.59,0.799,229.0,45.0,49.0,108.14349999999999,747.0,9.0,5.0,167.5,1.72,2.0,2.0,5.0,0.0,9.0,0.0,1.0,0.0,0.0,1.0,44.755,0.3995,121.5,225,4.805294025439946,2,37.370555391231456
121,8.0,43.0,15.9994,54.8,4.0,2.0,66.0,1.54,2.0,0.0,0.0,0.0,4.0,0.0,0.0,2.0,9.105,0.0,12.0,82.0,87.0,207.2,1941.0,16.0,6.0,160.0,3.44,2.0,4.0,10.0,14.0,28.0,0.0,4.0,8.0,0.0,8.0,28.11,0.0,225.0,25.6,77.0,60.61304,541.202,13.2,3.2,100.8,2.838,2.0,2.8,2.4,2.8,10.0,0.0,2.0,1.6,0.0,3.6,14.422999999999998,0.0,91.0,99,7.29511216565533,5,13.796953162590189
122,83.0,86.0,208.9804,544.4,15.0,6.0,148.0,2.02,2.0,3.0,10.0,14.0,29.0,0.0,3.0,3.0,32.95,0.0,12.0,83.0,86.0,208.9804,544.4,15.0,6.0,148.0,2.02,2.0,3.0,10.0,14.0,29.0,0.0,3.0,0.0,0.0,3.0,32.95,0.0,12.0,83.0,86.0,208.9804,544.4,15.0,6.0,148.0,2.02,2.0,3.0,10.0,14.0,29.0,0.0,3.0,0.0,0.0,3.0,32.95,0.0,12.0,166,9.44840978387041,2,36.727886098473455
123,35.0,4.0,79.904,265.8,1.0,4.0,120.0,0.82,1.0,0.0,0.0,0.0,1.0,0.0,0.0,1.0,29.48,0.0,64.0,37.0,95.0,85.4678,312.46,17.0,5.0,220.0,2.96,2.0,5.0,10.0,0.0,17.0,1.0,1.0,0.0,0.0,1.0,90.7225,1.457,229.0,36.0,49.5,82.6859,289.13,9.0,4.5,170.0,1.89,1.5,2.5,5.0,0.0,9.0,0.5,0.5,0.0,0.0,1.0,60.10125,0.7285,146.5,225,3.1643773032979565,2,43.390264196333895
124,30.0,69.0,65.38,692.68,12.0,4.0,122.0,1.65,2.0,0.0,10.0,0.0,12.0,0.0,0.0,0.0,13.96,0.0,166.0,51.0,85.0,121.76,903.78,15.0,5.0,139.0,2.05,2.0,3.0,10.0,0.0,15.0,0.0,3.0,0.0,0.0,3.0,31.56,0.0,194.0,40.5,77.0,93.57,798.23,13.5,4.5,130.5,1.8499999999999999,2.0,1.5,10.0,0.0,13.5,0.0,1.5,0.0,0.0,1.5,22.759999999999998,0.0,180.0,61,6.1440866774939815,16,25.29272883591736
125,19.0,3.0,39.0983,265.8,1.0,4.0,120.0,0.82,1.0,0.0,0.0,0.0,1.0,0.0,0.0,1.0,29.48,0.0,64.0,35.0,95.0,79.904,336.53,17.0,4.0,203.0,2.96,2.0,5.0,10.0,0.0,17.0,1.0,1.0,0.0,0.0,1.0,73.1066666667,1.457,229.0,27.0,49.0,59.501149999999996,301.16499999999996,9.0,4.0,161.5,1.89,1.5,2.5,5.0,0.0,9.0,0.5,0.5,0.0,0.0,1.0,51.29333333335,0.7285,146.5,225,2.624472422104685,2,37.64717939135026
126,14.0,7.0,28.0855,1115.0,2.0,3.0,111.0,1.0,2.0,0.0,0.0,0.0,2.0,0.0,0.0,0.0,20.44,0.0,225.0,20.0,78.0,40.078,1687.0,14.0,4.0,176.0,1.9,2.0,2.0,0.0,0.0,4.0,0.0,4.0,0.0,0.0,4.0,37.77,0.773,227.0,16.571428571428573,47.57142857142857,33.22514285714286,1441.857142857143,8.857142857142858,3.4285714285714284,138.85714285714286,1.5142857142857142,2.0,1.1428571428571428,0.0,0.0,3.142857142857143,0.0,2.2857142857142856,0.0,0.0,2.2857142857142856,27.86714285714286,0.4417142857142857,226.14285714285714,176,2.457602651062123,42,22.449376706119544
127,16.0,80.0,32.065,388.36,14.0,3.0,105.0,1.96,2.0,2.0,0.0,0.0,6.0,0.0,2.0,2.0,25.786875,0.0,70.0,50.0,88.0,118.71,505.08,16.0,5.0,139.0,2.58,2.0,4.0,10.0,0.0,14.0,0.0,4.0,0.0,0.0,4.0,33.285,2.202,141.0,33.0,84.0,75.38749999999999,446.72,15.0,4.0,122.0,2.27,2.0,3.0,5.0,0.0,10.0,0.0,3.0,0.0,0.0,3.0,29.535937499999996,1.101,105.5,62,4.9001342636386935,8,25.547032417505566
128,34.0,71.0,78.96,234.32,12.0,4.0,120.0,2.0,2.0,0.0,10.0,0.0,16.0,0.0,0.0,0.0,25.2375862069,0.0,14.0,80.0,89.0,200.59,494.0,16.0,6.0,132.0,2.55,2.0,4.0,10.0,14.0,26.0,0.0,2.0,0.0,0.0,2.0,25.92,0.799,166.0,57.0,80.0,139.775,364.15999999999997,14.0,5.0,126.0,2.275,2.0,2.0,10.0,7.0,21.0,0.0,1.0,0.0,0.0,1.0,25.578793103450003,0.3995,90.0,216,7.517552718899584,2,30.8746551853899
129,12.0,68.0,24.305,722.66,2.0,3.0,138.0,1.31,2.0,0.0,0.0,0.0,2.0,0.0,0.0,0.0,22.89,0.0,152.0,52.0,90.0,127.6,923.0,16.0,5.0,141.0,2.1,2.0,4.0,10.0,0.0,16.0,0.0,2.0,0.0,0.0,2.0,34.7633333333,0.464,194.0,32.0,79.0,75.9525,822.8299999999999,9.0,4.0,139.5,1.705,2.0,2.0,5.0,0.0,9.0,0.0,1.0,0.0,0.0,1.0,28.82666666665,0.232,173.0,186,3.648791210911923,4,34.565445421695
130,16.0,81.0,32.065,388.36,14.0,3.0,105.0,2.33,2.0,2.0,0.0,0.0,6.0,0.0,2.0,2.0,25.786875,0.0,70.0,82.0,88.0,207.2,600.61,16.0,6.0,146.0,2.58,2.0,4.0,10.0,14.0,28.0,0.0,4.0,0.0,0.0,4.0,28.11,2.202,225.0,49.0,84.5,119.6325,494.485,15.0,4.5,125.5,2.455,2.0,3.0,5.0,7.0,17.0,0.0,3.0,0.0,0.0,3.0,26.948437499999997,1.101,147.5,225,7.333909254750865,2,27.087114523040658
131,11.0,2.0,22.98976928,265.8,1.0,3.0,120.0,0.93,1.0,0.0,0.0,0.0,1.0,0.0,0.0,1.0,29.2433333333,0.0,64.0,35.0,95.0,79.904,370.87,17.0,4.0,166.0,2.96,2.0,5.0,10.0,0.0,17.0,1.0,1.0,0.0,0.0,1.0,29.48,1.457,229.0,23.0,48.5,51.44688464,318.33500000000004,9.0,3.5,143.0,1.945,1.5,2.5,5.0,0.0,9.0,0.5,0.5,0.0,0.0,1.0,29.361666666650002,0.7285,146.5,225,3.120798709320274,2,27.374262090165523
132,17.0,4.0,35.453,171.6,1.0,3.0,102.0,0.82,1.0,0.0,0.0,0.0,1.0,0.0,0.0,1.0,24.4975,0.0,64.0,37.0,94.0,85.4678,312.46,17.0,5.0,220.0,3.16,2.0,5.0,0.0,0.0,7.0,1.0,1.0,0.0,0.0,1.0,90.7225,2.493,229.0,27.0,49.0,60.4604,242.02999999999997,9.0,4.0,161.0,1.99,1.5,2.5,0.0,0.0,4.0,0.5,0.5,0.0,0.0,1.0,57.61,1.2465,146.5,225,2.671979177096913,2,37.573966534927536
133,19.0,3.0,39.0983,336.53,1.0,4.0,139.0,0.82,1.0,0.0,0.0,0.0,1.0,0.0,0.0,1.0,43.015,0.0,64.0,53.0,96.0,126.90447,386.85,17.0,5.0,203.0,2.66,2.0,5.0,10.0,0.0,17.0,1.0,1.0,0.0,0.0,1.0,73.1066666667,1.062,229.0,36.0,49.5,83.001385,361.69,9.0,4.5,171.0,1.74,1.5,2.5,5.0,0.0,9.0,0.5,0.5,0.0,0.0,1.0,58.06083333335,0.531,146.5,225,2.972225316080415,2,46.37166692199665
134,52.0,71.0,127.6,234.32,12.0,5.0,132.0,2.0,2.0,0.0,10.0,0.0,16.0,0.0,0.0,0.0,25.2375862069,0.0,152.0,80.0,90.0,200.59,722.66,16.0,6.0,138.0,2.1,2.0,4.0,10.0,14.0,26.0,0.0,2.0,0.0,0.0,2.0,34.7633333333,0.464,166.0,66.0,80.5,164.095,478.49,14.0,5.5,135.0,2.05,2.0,2.0,10.0,7.0,21.0,0.0,1.0,0.0,0.0,1.0,30.0004597701,0.232,159.0,216,7.377919077797716,2,36.93265746892187
135,52.0,81.0,127.6,600.61,14.0,5.0,138.0,2.1,2.0,2.0,10.0,0.0,16.0,0.0,2.0,2.0,28.11,0.0,152.0,82.0,90.0,207.2,722.66,16.0,6.0,146.0,2.33,2.0,4.0,10.0,14.0,28.0,0.0,4.0,0.0,0.0,4.0,34.7633333333,0.464,225.0,67.0,85.5,167.39999999999998,661.635,15.0,5.5,142.0,2.215,2.0,3.0,10.0,7.0,22.0,0.0,3.0,0.0,0.0,3.0,31.436666666649998,0.232,188.5,225,7.856997090559908,2,35.379195963152746
136,51.0,85.0,121.76,722.66,15.0,5.0,138.0,2.05,2.0,3.0,10.0,0.0,15.0,0.0,2.0,2.0,31.56,0.0,152.0,52.0,90.0,127.6,903.78,16.0,5.0,139.0,2.1,2.0,4.0,10.0,0.0,16.0,0.0,3.0,0.0,0.0,3.0,34.7633333333,0.464,166.0,51.6,88.0,125.26399999999998,795.108,15.6,5.0,138.4,2.08,2.0,3.6,10.0,0.0,15.6,0.0,2.4,0.0,0.0,2.4,33.48199999998,0.27840000000000004,157.6,166,6.121655030547824,5,33.97868135342609
137,8.0,9.0,15.9994,54.8,2.0,2.0,66.0,0.89,2.0,0.0,0.0,0.0,2.0,0.0,0.0,0.0,9.105,0.0,12.0,56.0,87.0,137.327,1000.0,16.0,6.0,215.0,3.44,2.0,4.0,0.0,0.0,6.0,0.0,2.0,0.0,0.0,2.0,63.59,0.0,229.0,32.0,48.0,76.6632,527.4,9.0,4.0,140.5,2.165,2.0,2.0,0.0,0.0,4.0,0.0,1.0,0.0,0.0,1.0,36.347500000000004,0.0,120.5,225,5.753123041444008,2,22.127501472420594
138,52.0,81.0,127.6,600.61,14.0,5.0,138.0,2.1,2.0,2.0,10.0,0.0,16.0,0.0,2.0,2.0,28.11,0.0,152.0,82.0,90.0,207.2,722.66,16.0,6.0,146.0,2.33,2.0,4.0,10.0,14.0,28.0,0.0,4.0,0.0,0.0,4.0,34.7633333333,0.464,225.0,67.0,85.5,167.39999999999998,661.635,15.0,5.5,142.0,2.215,2.0,3.0,10.0,7.0,22.0,0.0,3.0,0.0,0.0,3.0,31.436666666649998,0.232,188.5,225,7.856997090559908,2,35.379195963152746
139,37.0,4.0,85.4678,312.46,1.0,5.0,139.0,0.82,1.0,0.0,0.0,0.0,1.0,0.0,0.0,1.0,43.015,0.0,64.0,53.0,96.0,126.90447,386.85,17.0,5.0,220.0,2.66,2.0,5.0,10.0,0.0,17.0,1.0,1.0,0.0,0.0,1.0,90.7225,1.062,229.0,45.0,50.0,106.18613500000001,349.655,9.0,5.0,179.5,1.74,1.5,2.5,5.0,0.0,9.0,0.5,0.5,0.0,0.0,1.0,66.86875,0.531,146.5,225,3.3599680093693327,2,52.478542952514026
140,9.0,4.0,18.9984032,53.5,1.0,2.0,57.0,0.82,1.0,0.0,0.0,0.0,1.0,0.0,0.0,1.0,9.7075,0.0,15.0,37.0,93.0,85.4678,312.46,17.0,5.0,220.0,3.98,2.0,5.0,0.0,0.0,7.0,1.0,1.0,0.0,0.0,1.0,90.7225,1.97,229.0,23.0,48.5,52.2331016,182.98,9.0,3.5,138.5,2.4,1.5,2.5,0.0,0.0,4.0,0.5,0.5,0.0,0.0,1.0,50.214999999999996,0.985,122.0,225,3.6710845512958685,2,23.62656173251854
141,29.0,64.0,63.546,302.91,11.0,4.0,122.0,1.81,1.0,0.0,10.0,0.0,11.0,0.0,0.0,1.0,11.07,0.0,64.0,52.0,90.0,127.6,1357.77,16.0,5.0,138.0,2.1,2.0,4.0,10.0,0.0,16.0,1.0,5.0,0.0,0.0,5.0,34.7633333333,0.464,225.0,41.0,79.5,97.11725,776.5,14.0,4.5,132.5,1.9775,1.75,2.25,10.0,0.0,14.0,0.25,2.25,0.0,0.0,2.5,24.86354166665,0.232,148.25,122,5.730322789813026,8,28.14274057169139
142,34.0,81.0,78.96,494.0,14.0,4.0,120.0,2.33,2.0,2.0,10.0,0.0,16.0,0.0,2.0,2.0,25.92,0.0,14.0,82.0,89.0,207.2,600.61,16.0,6.0,146.0,2.55,2.0,4.0,10.0,14.0,28.0,0.0,4.0,0.0,0.0,4.0,28.11,0.799,225.0,58.0,85.0,143.07999999999998,547.3050000000001,15.0,5.0,133.0,2.44,2.0,3.0,10.0,7.0,22.0,0.0,3.0,0.0,0.0,3.0,27.015,0.3995,119.5,225,7.886316965624365,2,30.126855246214138
143,51.0,85.0,121.76,544.4,15.0,5.0,139.0,2.02,2.0,3.0,10.0,0.0,15.0,0.0,3.0,3.0,31.56,0.0,12.0,83.0,86.0,208.9804,903.78,15.0,6.0,148.0,2.05,2.0,3.0,10.0,14.0,29.0,0.0,3.0,0.0,0.0,3.0,32.95,0.0,166.0,67.0,85.5,165.3702,724.0899999999999,15.0,5.5,143.5,2.035,2.0,3.0,10.0,7.0,22.0,0.0,3.0,0.0,0.0,3.0,32.255,0.0,89.0,160,7.940448998445383,2,34.582890414033066
144,3.0,1.0,6.941,265.8,1.0,2.0,120.0,0.98,1.0,0.0,0.0,0.0,1.0,0.0,0.0,1.0,16.5933333333,0.0,64.0,35.0,95.0,79.904,453.69,17.0,4.0,128.0,2.96,2.0,5.0,10.0,0.0,17.0,1.0,1.0,0.0,0.0,1.0,29.48,1.457,229.0,19.0,48.0,43.4225,359.745,9.0,3.0,124.0,1.97,1.5,2.5,5.0,0.0,9.0,0.5,0.5,0.0,0.0,1.0,23.03666666665,0.7285,146.5,225,3.4418250082704427,2,20.949571069469325
145,11.0,2.0,22.98976928,370.87,1.0,3.0,139.0,0.93,1.0,0.0,0.0,0.0,1.0,0.0,0.0,1.0,29.2433333333,0.0,64.0,53.0,96.0,126.90447,386.85,17.0,5.0,166.0,2.66,2.0,5.0,10.0,0.0,17.0,1.0,1.0,0.0,0.0,1.0,43.015,1.062,229.0,32.0,49.0,74.94711964,378.86,9.0,4.0,152.5,1.7950000000000002,1.5,2.5,5.0,0.0,9.0,0.5,0.5,0.0,0.0,1.0,36.12916666665,0.531,146.5,225,3.5723689080929475,2,34.8375610955032
146,49.0,75.0,114.818,429.75,13.0,5.0,138.0,1.78,2.0,1.0,10.0,0.0,13.0,0.0,2.0,2.0,24.26,0.0,139.0,52.0,90.0,127.6,722.66,16.0,5.0,142.0,2.1,2.0,4.0,10.0,0.0,16.0,0.0,5.0,0.0,0.0,5.0,34.7633333333,0.464,152.0,50.5,82.5,121.209,576.2049999999999,14.5,5.0,140.0,1.94,2.0,2.5,10.0,0.0,14.5,0.0,3.5,0.0,0.0,3.5,29.51166666665,0.232,145.5,225,6.488053472608879,2,31.021982259123824
147,29.0,64.0,63.546,386.85,11.0,4.0,132.0,1.9,1.0,0.0,10.0,0.0,11.0,0.0,0.0,1.0,11.07,0.0,64.0,53.0,96.0,126.90447,1357.77,17.0,5.0,139.0,2.66,2.0,5.0,10.0,0.0,17.0,1.0,1.0,0.0,0.0,1.0,43.015,1.062,225.0,41.0,80.0,95.225235,872.31,14.0,4.5,135.5,2.2800000000000002,1.5,2.5,10.0,0.0,14.0,0.5,0.5,0.0,0.0,1.0,27.0425,0.531,144.5,225,6.744530872913697,2,23.444955004758413
148,52.0,86.0,127.6,544.4,15.0,5.0,138.0,2.02,2.0,3.0,10.0,0.0,16.0,0.0,2.0,2.0,32.95,0.0,12.0,83.0,90.0,208.9804,722.66,16.0,6.0,148.0,2.1,2.0,4.0,10.0,14.0,29.0,0.0,3.0,0.0,0.0,3.0,34.7633333333,0.464,152.0,64.4,88.4,160.15216,651.356,15.6,5.4,142.0,2.068,2.0,3.6,10.0,5.6,21.2,0.0,2.4,0.0,0.0,2.4,34.03799999998,0.27840000000000004,96.0,166,7.468816518765769,5,35.60656733395301
149,50.0,80.0,118.71,505.08,14.0,5.0,138.0,1.96,2.0,2.0,10.0,0.0,14.0,0.0,2.0,2.0,33.285,0.0,141.0,52.0,90.0,127.6,722.66,16.0,5.0,139.0,2.1,2.0,4.0,10.0,0.0,16.0,0.0,4.0,0.0,0.0,4.0,34.7633333333,0.464,152.0,51.0,85.0,123.155,613.87,15.0,5.0,138.5,2.0300000000000002,2.0,3.0,10.0,0.0,15.0,0.0,3.0,0.0,0.0,3.0,34.02416666665,0.232,146.5,225,6.19081042904143,2,33.033427705649814
150,48.0,70.0,112.411,594.22,12.0,5.0,139.0,1.69,2.0,0.0,10.0,0.0,12.0,0.0,0.0,0.0,19.495,0.0,166.0,51.0,85.0,121.76,903.78,15.0,5.0,144.0,2.05,2.0,3.0,10.0,0.0,15.0,0.0,3.0,0.0,0.0,3.0,31.56,0.0,194.0,49.5,77.5,117.0855,749.0,13.5,5.0,141.5,1.8699999999999999,2.0,1.5,10.0,0.0,13.5,0.0,1.5,0.0,0.0,1.5,25.5275,0.0,180.0,61,6.394263933783247,16,30.406165415721315
151,16.0,65.0,32.065,302.91,11.0,3.0,105.0,1.81,1.0,0.0,0.0,0.0,6.0,0.0,0.0,1.0,16.33,0.0,64.0,47.0,88.0,107.8682,1234.93,16.0,5.0,145.0,2.58,2.0,4.0,10.0,0.0,13.0,1.0,5.0,0.0,0.0,5.0,25.786875,2.202,225.0,27.5,78.75,60.4303,578.6400000000001,14.0,3.75,119.25,2.225,1.75,2.25,5.0,0.0,9.0,0.25,2.25,0.0,0.0,2.5,21.690312499999997,1.101,107.25,122,4.517958693407411,8,22.210666534597536
152,34.0,86.0,78.96,494.0,15.0,4.0,120.0,2.02,2.0,3.0,10.0,0.0,16.0,0.0,2.0,2.0,25.92,0.0,12.0,83.0,89.0,208.9804,544.4,16.0,6.0,148.0,2.55,2.0,4.0,10.0,14.0,29.0,0.0,3.0,0.0,0.0,3.0,32.95,0.799,14.0,53.6,87.8,130.96815999999998,514.1600000000001,15.6,4.8,131.2,2.338,2.0,3.6,10.0,5.6,21.2,0.0,2.4,0.0,0.0,2.4,28.732000000000006,0.47940000000000005,13.2,166,7.056072307673697,5,30.82136019555889
153,56.0,9.0,137.327,544.4,2.0,6.0,136.0,0.89,1.0,0.0,0.0,0.0,2.0,0.0,0.0,0.0,16.7,0.0,12.0,83.0,86.0,208.9804,1337.33,15.0,6.0,215.0,2.54,2.0,3.0,10.0,14.0,29.0,1.0,3.0,0.0,0.0,3.0,63.59,0.0,229.0,68.5,42.5,170.15024225000002,970.4325,7.5,6.0,178.5,1.585,1.75,0.75,5.0,7.0,14.5,0.25,0.75,0.0,0.0,1.0,44.207499999999996,0.0,173.75,225,7.562824220546571,4,37.359208175164945
154,29.0,64.0,63.546,265.8,11.0,4.0,120.0,1.9,1.0,0.0,10.0,0.0,11.0,0.0,0.0,1.0,11.07,0.0,64.0,35.0,95.0,79.904,1357.77,17.0,4.0,132.0,2.96,2.0,5.0,10.0,0.0,17.0,1.0,1.0,0.0,0.0,1.0,29.48,1.457,225.0,32.0,79.5,71.725,811.785,14.0,4.0,126.0,2.4299999999999997,1.5,2.5,10.0,0.0,14.0,0.5,0.5,0.0,0.0,1.0,20.275,0.7285,144.5,216,5.147661876586553,2,23.137138259528108
155,26.0,55.0,55.845,903.78,8.0,4.0,132.0,1.83,2.0,0.0,6.0,0.0,8.0,0.0,0.0,3.0,10.73,0.0,166.0,51.0,85.0,121.76,1811.0,15.0,5.0,139.0,2.05,2.0,3.0,10.0,0.0,15.0,0.0,3.0,4.0,0.0,4.0,31.56,0.0,229.0,44.75,77.5,105.28125,1130.585,13.25,4.75,137.25,1.9949999999999999,2.0,2.25,9.0,0.0,13.25,0.0,2.25,1.0,0.0,3.25,26.3525,0.0,181.75,204,7.235385221215388,16,24.162311094766377
156,35.0,65.0,79.904,265.8,11.0,4.0,120.0,1.93,1.0,0.0,10.0,0.0,11.0,0.0,0.0,1.0,16.33,0.0,64.0,47.0,95.0,107.8682,1234.93,17.0,5.0,145.0,2.96,2.0,5.0,10.0,0.0,17.0,1.0,1.0,0.0,0.0,1.0,29.48,1.457,225.0,41.0,80.0,93.8861,750.365,14.0,4.5,132.5,2.445,1.5,2.5,10.0,0.0,14.0,0.5,0.5,0.0,0.0,1.0,22.905,0.7285,144.5,216,4.917995433683658,2,31.70021992963533
157,53.0,5.0,126.90447,301.59,1.0,5.0,139.0,0.79,1.0,0.0,0.0,0.0,1.0,0.0,0.0,1.0,43.015,0.0,64.0,55.0,96.0,132.9054519,386.85,17.0,6.0,244.0,2.66,2.0,5.0,10.0,0.0,17.0,1.0,1.0,0.0,0.0,1.0,115.765,1.062,229.0,54.0,50.5,129.90496095,344.22,9.0,5.5,191.5,1.725,1.5,2.5,5.0,0.0,9.0,0.5,0.5,0.0,0.0,1.0,79.39,0.531,146.5,225,3.554949583391213,2,60.67941542980916
158,17.0,65.0,35.453,171.6,11.0,3.0,102.0,1.93,1.0,0.0,0.0,0.0,7.0,0.0,0.0,1.0,16.33,0.0,64.0,47.0,94.0,107.8682,1234.93,17.0,5.0,145.0,3.16,2.0,5.0,10.0,0.0,11.0,1.0,1.0,0.0,0.0,1.0,24.4975,2.493,225.0,32.0,79.5,71.6606,703.265,14.0,4.0,123.5,2.545,1.5,2.5,5.0,0.0,9.0,0.5,0.5,0.0,0.0,1.0,20.41375,1.2465,144.5,225,5.356180845292489,2,22.2164316838891
159,17.0,5.0,35.453,171.6,1.0,3.0,102.0,0.79,1.0,0.0,0.0,0.0,1.0,0.0,0.0,1.0,24.4975,0.0,64.0,55.0,94.0,132.9054519,301.59,17.0,6.0,244.0,3.16,2.0,5.0,0.0,0.0,7.0,1.0,1.0,0.0,0.0,1.0,115.765,2.493,229.0,36.0,49.5,84.17922595,236.59499999999997,9.0,4.5,173.0,1.975,1.5,2.5,0.0,0.0,4.0,0.5,0.5,0.0,0.0,1.0,70.13125,1.2465,146.5,225,3.1751064474369297,2,44.024632118700055
160,35.0,5.0,79.904,265.8,1.0,4.0,120.0,0.79,1.0,0.0,0.0,0.0,1.0,0.0,0.0,1.0,29.48,0.0,64.0,55.0,95.0,132.9054519,301.59,17.0,6.0,244.0,2.96,2.0,5.0,10.0,0.0,17.0,1.0,1.0,0.0,0.0,1.0,115.765,1.457,229.0,45.0,50.0,106.40472595,283.695,9.0,5.0,182.0,1.875,1.5,2.5,5.0,0.0,9.0,0.5,0.5,0.0,0.0,1.0,72.6225,0.7285,146.5,225,3.485262633068681,2,50.69609464560541
161,17.0,64.0,35.453,171.6,11.0,3.0,102.0,1.9,1.0,0.0,0.0,0.0,7.0,0.0,0.0,1.0,11.07,0.0,64.0,29.0,94.0,63.546,1357.77,17.0,4.0,132.0,3.16,2.0,5.0,10.0,0.0,11.0,1.0,1.0,0.0,0.0,1.0,24.4975,2.493,225.0,23.0,79.0,49.4995,764.685,14.0,3.5,117.0,2.5300000000000002,1.5,2.5,5.0,0.0,9.0,0.5,0.5,0.0,0.0,1.0,17.783749999999998,1.2465,144.5,216,4.165254206627594,2,19.733694379656292
162,8.0,86.0,15.9994,54.8,15.0,2.0,66.0,2.02,2.0,3.0,0.0,0.0,6.0,0.0,2.0,2.0,9.105,0.0,12.0,83.0,87.0,208.9804,544.4,16.0,6.0,148.0,3.44,2.0,4.0,10.0,14.0,29.0,0.0,3.0,0.0,0.0,3.0,32.95,0.0,12.0,38.0,86.6,93.1918,250.63999999999996,15.6,3.6,98.8,2.872,2.0,3.6,4.0,5.6,15.2,0.0,2.4,0.0,0.0,2.4,18.643,0.0,12.0,14,9.060332735455225,20,17.07979487124197
163,16.0,64.0,32.065,388.36,11.0,3.0,105.0,1.9,1.0,0.0,0.0,0.0,6.0,0.0,0.0,1.0,11.07,0.0,70.0,51.0,88.0,121.76,1357.77,16.0,5.0,139.0,2.58,2.0,4.0,10.0,0.0,15.0,1.0,3.0,0.0,0.0,3.0,31.56,2.202,225.0,26.20689655172414,77.65517241379311,57.46334482758621,860.5875862068966,13.793103448275861,3.689655172413793,120.86206896551724,2.2255172413793103,1.5862068965517242,2.206896551724138,5.517241379310345,0.0,9.310344827586206,0.41379310344827586,1.3103448275862069,0.0,0.0,1.7241379310344827,20.493426724137933,0.9871034482758619,147.3793103448276,217,4.990496139138391,29,19.12036926256158
164,34.0,80.0,78.96,494.0,14.0,4.0,120.0,1.96,2.0,2.0,10.0,0.0,14.0,0.0,2.0,2.0,25.92,0.0,14.0,50.0,89.0,118.71,505.08,16.0,5.0,139.0,2.55,2.0,4.0,10.0,0.0,16.0,0.0,4.0,0.0,0.0,4.0,33.285,0.799,141.0,42.0,84.5,98.835,499.53999999999996,15.0,4.5,129.5,2.255,2.0,3.0,10.0,0.0,15.0,0.0,3.0,0.0,0.0,3.0,29.6025,0.3995,77.5,225,5.884042573931294,2,27.892282658614114
165,8.0,85.0,15.9994,54.8,15.0,2.0,66.0,2.05,2.0,3.0,0.0,0.0,6.0,0.0,2.0,2.0,9.105,0.0,12.0,51.0,87.0,121.76,903.78,16.0,5.0,139.0,3.44,2.0,4.0,10.0,0.0,15.0,0.0,3.0,0.0,0.0,3.0,31.56,0.0,166.0,25.2,86.2,58.303639999999994,394.392,15.6,3.2,95.2,2.884,2.0,3.6,4.0,0.0,9.6,0.0,2.4,0.0,0.0,2.4,18.087,0.0,73.6,56,5.355850121311344,20,18.076583502541663
166,50.0,5.0,118.71,301.59,1.0,5.0,139.0,0.79,1.0,0.0,0.0,0.0,1.0,0.0,0.0,1.0,33.285,0.0,64.0,55.0,96.0,132.9054519,505.08,17.0,6.0,244.0,2.66,2.0,5.0,10.0,0.0,17.0,1.0,4.0,0.0,0.0,4.0,115.765,1.062,229.0,52.8,74.6,126.46577238,393.4440000000001,13.2,5.2,160.0,2.146,1.8,3.4,8.0,0.0,13.2,0.2,1.4,0.0,0.0,1.6,55.61900000000001,0.6372,112.4,62,4.449103949605024,20,47.20082021085985
167,53.0,81.0,126.90447,386.85,14.0,5.0,139.0,2.33,2.0,2.0,10.0,0.0,17.0,0.0,1.0,1.0,28.11,0.0,64.0,82.0,96.0,207.2,600.61,17.0,6.0,146.0,2.66,2.0,5.0,10.0,14.0,28.0,0.0,4.0,0.0,0.0,4.0,43.015,1.062,225.0,62.666666666666664,91.0,153.66964666666667,458.1033333333333,16.0,5.333333333333333,141.33333333333334,2.5500000000000003,2.0,4.0,10.0,4.666666666666667,20.666666666666668,0.0,2.0,0.0,0.0,2.0,38.04666666666667,0.7080000000000001,117.66666666666667,164,5.357292104517277,3,47.631237323321415
168,51.0,60.0,121.76,903.78,9.0,5.0,139.0,2.05,2.0,0.0,7.0,0.0,15.0,0.0,0.0,3.0,14.21,0.0,166.0,77.0,85.0,192.217,2739.0,15.0,6.0,141.0,2.2,2.0,3.0,10.0,14.0,23.0,0.0,3.0,3.0,0.0,3.0,31.56,0.0,225.0,57.5,78.75,139.37425000000002,1362.585,13.5,5.25,139.5,2.0875,2.0,2.25,9.25,3.5,17.0,0.0,2.25,0.75,0.0,3.0,27.222499999999997,0.0,180.75,204,8.931919428463367,16,25.911159281795154
169,7.0,48.0,14.0067,63.05,5.0,2.0,71.0,1.5,2.0,0.0,0.0,0.0,5.0,0.0,0.0,3.0,14.76875,0.0,194.0,73.0,82.0,180.94788,3290.0,15.0,6.0,170.0,3.04,2.0,3.0,3.0,14.0,19.0,0.0,3.0,7.0,0.0,7.0,18.12,6.437,229.0,40.0,65.0,97.47729,1676.525,10.0,4.0,120.5,2.27,2.0,1.5,1.5,7.0,12.0,0.0,1.5,3.5,0.0,5.0,16.444375,3.2185,211.5,187,14.763851879979619,2,10.963591985828087
